股票名称,股票代码,多少天内最高量(20/60/120/240),板块名称,板块进3天涨幅超过1.5%天数
平安银行, 000001, 0, 标普道琼斯A股, 0
平安银行, 000001, 0, MSCI概念, 0
平安银行, 000001, 0, 深股通, 1
平安银行, 000001, 0, 证金持股, 0
万科A, 000002, 0, 标普道琼斯A股, 0
万科A, 000002, 0, 超级品牌, 0
万科A, 000002, 0, MSCI概念, 0
万科A, 000002, 0, 深股通, 1
万科A, 000002, 0, 体育产业, 0
万科A, 000002, 0, 同花顺漂亮100, 0
万科A, 000002, 0, 物业管理, 0
万科A, 000002, 0, 证金持股, 0
万科A, 000002, 0, 装配式建筑, 0
*ST国华, 000004, 0, 车联网, 1
*ST国华, 000004, 0, 电力物联网, 1
*ST国华, 000004, 0, 鸿蒙概念, 1
*ST国华, 000004, 0, 华为概念, 1
*ST国华, 000004, 0, 壳资源, 0
*ST国华, 000004, 0, 物联网, 1
*ST国华, 000004, 0, 信创, 1
*ST国华, 000004, 0, 网络安全, 1
*ST国华, 000004, 0, 摘帽, 1
*ST国华, 000004, 0, 5G, 1
深振业A, 000006, 20, 物业管理, 0
深振业A, 000006, 20, 粤港澳大湾区, 1
深振业A, 000006, 20, 证金持股, 0
全新好, 000007, 0, 举牌, 0
全新好, 000007, 0, ST板块, 0
全新好, 000007, 0, 粤港澳大湾区, 1
神州高铁, 000008, 0, 标普道琼斯A股, 0
神州高铁, 000008, 0, 工业4.0, 1
神州高铁, 000008, 0, 国企改革, 0
神州高铁, 000008, 0, 华为概念, 1
神州高铁, 000008, 0, 机器人概念, 1
神州高铁, 000008, 0, PPP概念, 1
神州高铁, 000008, 0, 融资融券, 1
神州高铁, 000008, 0, 深股通, 1
神州高铁, 000008, 0, 腾讯概念, 1
神州高铁, 000008, 0, 央企国企改革, 0
神州高铁, 000008, 0, 一带一路, 0
神州高铁, 000008, 0, 云计算, 1
神州高铁, 000008, 0, 智能物流, 2
神州高铁, 000008, 0, 智能制造, 1
神州高铁, 000008, 0, 职业教育, 1
美丽生态, 000010, 0, 煤炭概念, 0
美丽生态, 000010, 0, PPP概念, 1
美丽生态, 000010, 0, 新型城镇化, 1
深物业A, 000011, 20, 物业管理, 0
深物业A, 000011, 20, 新型城镇化, 1
深物业A, 000011, 20, 一带一路, 0
深物业A, 000011, 20, 粤港澳大湾区, 1
南玻A, 000012, 0, 标普道琼斯A股, 0
南玻A, 000012, 0, 光伏概念, 1
南玻A, 000012, 0, 军工, 1
南玻A, 000012, 0, OLED, 1
南玻A, 000012, 0, 融资融券, 1
南玻A, 000012, 0, 深股通, 1
南玻A, 000012, 0, 特斯拉, 1
南玻A, 000012, 0, 雄安新区, 1
南玻A, 000012, 0, 一带一路, 0
沙河股份, 000014, 20, 物业管理, 0
沙河股份, 000014, 20, 粤港澳大湾区, 1
深康佳A, 000016, 0, 标普道琼斯A股, 0
深康佳A, 000016, 0, 超清视频, 1
深康佳A, 000016, 0, 创投, 1
深康佳A, 000016, 0, 存储芯片, 1
深康佳A, 000016, 0, 电子商务, 0
深康佳A, 000016, 0, 分拆上市意愿, 0
深康佳A, 000016, 0, 家用电器, 0
深康佳A, 000016, 0, MiniLED, 1
深康佳A, 000016, 0, PPP概念, 1
深康佳A, 000016, 0, 深股通, 1
深康佳A, 000016, 0, 腾讯概念, 1
深康佳A, 000016, 0, 网约车, 2
深康佳A, 000016, 0, 污水处理, 0
深康佳A, 000016, 0, 消费电子概念, 1
深康佳A, 000016, 0, 芯片概念, 1
深康佳A, 000016, 0, 央企国企改革, 0
深康佳A, 000016, 0, 智能家居, 1
深中华A, 000017, 0, 锂电池, 1
深中华A, 000017, 0, 黄金概念, 0
深中华A, 000017, 0, 新零售, 0
深中华A, 000017, 0, 粤港澳大湾区, 1
深粮控股, 000019, 0, 标普道琼斯A股, 0
深粮控股, 000019, 0, 电子商务, 0
深粮控股, 000019, 0, 国企改革, 0
深粮控股, 000019, 0, 冷链物流, 0
深粮控股, 000019, 0, 深股通, 1
深粮控股, 000019, 0, 一带一路, 0
深粮控股, 000019, 0, 预制菜, 0
深华发A, 000020, 60, 粤港澳大湾区, 1
深科技, 000021, 120, 超级电容, 1
深科技, 000021, 120, 存储芯片, 1
深科技, 000021, 120, 工业4.0, 1
深科技, 000021, 120, 华为概念, 1
深科技, 000021, 120, 集成电路概念, 1
深科技, 000021, 120, 节能照明, 1
深科技, 000021, 120, MSCI概念, 0
深科技, 000021, 120, 区块链, 1
深科技, 000021, 120, 无人机, 1
深科技, 000021, 120, 先进封装, 1
深科技, 000021, 120, 消费电子概念, 1
深科技, 000021, 120, 新能源汽车, 1
深科技, 000021, 120, 芯片概念, 1
深科技, 000021, 120, 央企国企改革, 0
深科技, 000021, 120, 医疗器械概念, 0
深科技, 000021, 120, 智能电网, 1
深科技, 000021, 120, 智能制造, 1
特力A, 000025, 0, 标普道琼斯A股, 0
特力A, 000025, 0, 国企改革, 0
特力A, 000025, 0, 黄金概念, 0
特力A, 000025, 0, 深股通, 1
特力A, 000025, 0, 物业管理, 0
特力A, 000025, 0, 粤港澳大湾区, 1
飞亚达, 000026, 0, 电子商务, 0
飞亚达, 000026, 0, 国企改革, 0
飞亚达, 000026, 0, 央企国企改革, 0
飞亚达, 000026, 0, 智能穿戴, 1
深圳能源, 000027, 20, 标普道琼斯A股, 0
深圳能源, 000027, 20, 参股券商, 0
深圳能源, 000027, 20, 参股新三板, 1
深圳能源, 000027, 20, 超超临界发电, 0
深圳能源, 000027, 20, 充电桩, 1
深圳能源, 000027, 20, 创投, 1
深圳能源, 000027, 20, 储能, 1
深圳能源, 000027, 20, 风电, 0
深圳能源, 000027, 20, 光伏概念, 1
深圳能源, 000027, 20, 固废处理, 0
深圳能源, 000027, 20, 互联网保险, 0
深圳能源, 000027, 20, 节能环保, 1
深圳能源, 000027, 20, 垃圾分类, 1
深圳能源, 000027, 20, 绿色电力, 0
深圳能源, 000027, 20, MSCI概念, 0
深圳能源, 000027, 20, PPP概念, 1
深圳能源, 000027, 20, 氢能源, 0
深圳能源, 000027, 20, 深股通, 1
深圳能源, 000027, 20, 碳交易, 0
深圳能源, 000027, 20, 碳中和, 1
深圳能源, 000027, 20, 特高压, 1
深圳能源, 000027, 20, 腾讯概念, 1
深圳能源, 000027, 20, 天然气, 0
深圳能源, 000027, 20, 粤港澳大湾区, 1
国药一致, 000028, 0, 标普道琼斯A股, 0
国药一致, 000028, 0, 国企改革, 0
国药一致, 000028, 0, 互联网医疗, 1
国药一致, 000028, 0, 冷链物流, 0
国药一致, 000028, 0, 融资融券, 1
国药一致, 000028, 0, 深股通, 1
国药一致, 000028, 0, 央企国企改革, 0
深深房A, 000029, 20, 物业管理, 0
深深房A, 000029, 20, 粤港澳大湾区, 1
富奥股份, 000030, 0, 标普道琼斯A股, 0
富奥股份, 000030, 0, 比亚迪概念, 1
富奥股份, 000030, 0, 参股保险, 0
富奥股份, 000030, 0, 宁德时代概念, 1
富奥股份, 000030, 0, 国企改革, 0
富奥股份, 000030, 0, 华为汽车, 1
富奥股份, 000030, 0, 汽车电子, 1
富奥股份, 000030, 0, 汽车热管理, 1
富奥股份, 000030, 0, 融资融券, 1
富奥股份, 000030, 0, 深股通, 1
富奥股份, 000030, 0, 小米概念, 1
富奥股份, 000030, 0, 新能源汽车, 1
富奥股份, 000030, 0, 智能制造, 1
富奥股份, 000030, 0, 证金持股, 0
大悦城, 000031, 0, 标普道琼斯A股, 0
大悦城, 000031, 0, 国企改革, 0
大悦城, 000031, 0, 深股通, 1
大悦城, 000031, 0, 央企国企改革, 0
大悦城, 000031, 0, 粤港澳大湾区, 1
大悦城, 000031, 0, 证金持股, 0
深桑达A, 000032, 0, 安防, 1
深桑达A, 000032, 0, 大数据, 1
深桑达A, 000032, 0, 东数西算（算力）, 1
深桑达A, 000032, 0, 高铁, 1
深桑达A, 000032, 0, 国产操作系统, 1
深桑达A, 000032, 0, 国资云, 1
深桑达A, 000032, 0, 节能照明, 1
深桑达A, 000032, 0, 绿色电力, 0
深桑达A, 000032, 0, 柔性屏, 1
深桑达A, 000032, 0, 数据确权, 1
深桑达A, 000032, 0, 数据要素, 1
深桑达A, 000032, 0, 数据中心, 1
深桑达A, 000032, 0, 数字经济, 1
深桑达A, 000032, 0, 数字孪生, 1
深桑达A, 000032, 0, 数字乡村, 1
深桑达A, 000032, 0, 碳中和, 1
深桑达A, 000032, 0, 体育产业, 0
深桑达A, 000032, 0, 信创, 1
深桑达A, 000032, 0, 央企国企改革, 0
深桑达A, 000032, 0, 元宇宙, 1
深桑达A, 000032, 0, 粤港澳大湾区, 1
深桑达A, 000032, 0, 智慧城市, 1
深桑达A, 000032, 0, 智慧政务, 1
深桑达A, 000032, 0, 智能交通, 1
深桑达A, 000032, 0, 中芯国际概念, 1
神州数码, 000034, 0, 阿里巴巴概念, 1
神州数码, 000034, 0, 边缘计算, 1
神州数码, 000034, 0, 东数西算（算力）, 1
神州数码, 000034, 0, 鸿蒙概念, 1
神州数码, 000034, 0, 华为概念, 1
神州数码, 000034, 0, 华为鲲鹏, 1
神州数码, 000034, 0, 华为昇腾, 1
神州数码, 000034, 0, 区块链, 1
神州数码, 000034, 0, 数字孪生, 1
神州数码, 000034, 0, 物联网, 1
神州数码, 000034, 0, 信创, 1
神州数码, 000034, 0, 网络安全, 1
神州数码, 000034, 0, 液冷服务器, 1
神州数码, 000034, 0, 英伟达概念, 1
神州数码, 000034, 0, 云计算, 1
华联控股, 000036, 0, 标普道琼斯A股, 0
华联控股, 000036, 0, 融资融券, 1
华联控股, 000036, 0, 深股通, 1
华联控股, 000036, 0, 物业管理, 0
深南电A, 000037, 0, 储能, 1
深南电A, 000037, 0, 固废处理, 0
深南电A, 000037, 0, 核电, 0
深南电A, 000037, 0, 节能环保, 1
深南电A, 000037, 0, 粤港澳大湾区, 1
中集集团, 000039, 60, 标普道琼斯A股, 0
中集集团, 000039, 60, 参股券商, 0
中集集团, 000039, 60, 分拆上市意愿, 0
中集集团, 000039, 60, 风电, 0
中集集团, 000039, 60, 冷链物流, 0
中集集团, 000039, 60, 氢能源, 0
中集集团, 000039, 60, 融资融券, 1
中集集团, 000039, 60, 深股通, 1
中集集团, 000039, 60, 天然气, 0
中集集团, 000039, 60, 物联网, 1
中集集团, 000039, 60, 雄安新区, 1
中集集团, 000039, 60, 粤港澳大湾区, 1
中洲控股, 000042, 0, 标普道琼斯A股, 0
中洲控股, 000042, 0, 深股通, 1
中洲控股, 000042, 0, 粤港澳大湾区, 1
深纺织A, 000045, 0, 超清视频, 1
深纺织A, 000045, 0, OLED, 1
深纺织A, 000045, 0, 物业管理, 0
深纺织A, 000045, 0, 虚拟现实, 1
京基智农, 000048, 0, 融资融券, 1
京基智农, 000048, 0, 深股通, 1
京基智农, 000048, 0, 粤港澳大湾区, 1
德赛电池, 000049, 0, 标普道琼斯A股, 0
德赛电池, 000049, 0, 储能, 1
德赛电池, 000049, 0, 锂电池, 1
德赛电池, 000049, 0, 恒大概念, 1
德赛电池, 000049, 0, 华为概念, 1
德赛电池, 000049, 0, 苹果概念, 1
德赛电池, 000049, 0, 深股通, 1
德赛电池, 000049, 0, 物联网, 1
德赛电池, 000049, 0, 无线耳机, 1
德赛电池, 000049, 0, 消费电子概念, 1
德赛电池, 000049, 0, 小米概念, 1
德赛电池, 000049, 0, 新能源汽车, 1
德赛电池, 000049, 0, 智能穿戴, 1
德赛电池, 000049, 0, 5G, 1
深天马A, 000050, 0, 标普道琼斯A股, 0
深天马A, 000050, 0, 超清视频, 1
深天马A, 000050, 0, 国企改革, 0
深天马A, 000050, 0, 华为概念, 1
深天马A, 000050, 0, MSCI概念, 0
深天马A, 000050, 0, OLED, 1
深天马A, 000050, 0, 苹果概念, 1
深天马A, 000050, 0, 柔性屏, 1
深天马A, 000050, 0, 深股通, 1
深天马A, 000050, 0, 小米概念, 1
深天马A, 000050, 0, 芯片概念, 1
深天马A, 000050, 0, 虚拟现实, 1
深天马A, 000050, 0, 央企国企改革, 0
深天马A, 000050, 0, 智能穿戴, 1
方大集团, 000055, 0, 分拆上市意愿, 0
方大集团, 000055, 0, 光伏概念, 1
方大集团, 000055, 0, 绿色电力, 0
方大集团, 000055, 0, 融资融券, 1
方大集团, 000055, 0, 数字经济, 1
方大集团, 000055, 0, 物业管理, 0
方大集团, 000055, 0, 乡村振兴, 0
方大集团, 000055, 0, 新材料概念, 1
方大集团, 000055, 0, 一带一路, 0
方大集团, 000055, 0, 粤港澳大湾区, 1
皇庭国际, 000056, 0, 参股保险, 0
皇庭国际, 000056, 0, 融资融券, 1
皇庭国际, 000056, 0, 物业管理, 0
皇庭国际, 000056, 0, 新零售, 0
皇庭国际, 000056, 0, 芯片概念, 1
深赛格, 000058, 0, 参股新三板, 1
深赛格, 000058, 0, 创投, 1
深赛格, 000058, 0, 电子竞技, 1
深赛格, 000058, 0, 电子商务, 0
深赛格, 000058, 0, 光伏概念, 1
深赛格, 000058, 0, 华为概念, 1
深赛格, 000058, 0, 卫星导航, 1
深赛格, 000058, 0, 物业管理, 0
华锦股份, 000059, 0, 标普道琼斯A股, 0
华锦股份, 000059, 0, 国企改革, 0
华锦股份, 000059, 0, 化肥, 0
华锦股份, 000059, 0, 深股通, 1
华锦股份, 000059, 0, 央企国企改革, 0
中金岭南, 000060, 240, 标普道琼斯A股, 0
中金岭南, 000060, 240, 电子商务, 0
中金岭南, 000060, 240, 国企改革, 0
中金岭南, 000060, 240, 钴, 1
中金岭南, 000060, 240, 黄金概念, 0
中金岭南, 000060, 240, 金属铅, 0
中金岭南, 000060, 240, 金属锌, 0
中金岭南, 000060, 240, 金属镍, 1
中金岭南, 000060, 240, 期货概念, 0
中金岭南, 000060, 240, 深股通, 1
中金岭南, 000060, 240, 金属铜, 0
中金岭南, 000060, 240, 小金属概念, 0
中金岭南, 000060, 240, 稀缺资源, 0
农产品, 000061, 0, 标普道琼斯A股, 0
农产品, 000061, 0, 电子商务, 0
农产品, 000061, 0, 国企改革, 0
农产品, 000061, 0, 冷链物流, 0
农产品, 000061, 0, 区块链, 1
农产品, 000061, 0, 融资融券, 1
农产品, 000061, 0, 深股通, 1
农产品, 000061, 0, 统一大市场, 0
农产品, 000061, 0, 网络直播, 0
农产品, 000061, 0, 乡村振兴, 0
农产品, 000061, 0, 新零售, 0
农产品, 000061, 0, 证金持股, 0
深圳华强, 000062, 0, 标普道琼斯A股, 0
深圳华强, 000062, 0, 比亚迪概念, 1
深圳华强, 000062, 0, 创投, 1
深圳华强, 000062, 0, 电子商务, 0
深圳华强, 000062, 0, 互联网金融, 1
深圳华强, 000062, 0, 华为概念, 1
深圳华强, 000062, 0, 汽车电子, 1
深圳华强, 000062, 0, 深股通, 1
深圳华强, 000062, 0, 雄安新区, 1
深圳华强, 000062, 0, 粤港澳大湾区, 1
深圳华强, 000062, 0, 智慧城市, 1
深圳华强, 000062, 0, 证金持股, 0
中兴通讯, 000063, 0, 标普道琼斯A股, 0
中兴通讯, 000063, 0, 边缘计算, 1
中兴通讯, 000063, 0, 车联网, 1
中兴通讯, 000063, 0, 锂电池, 1
中兴通讯, 000063, 0, 东数西算（算力）, 1
中兴通讯, 000063, 0, 国产操作系统, 1
中兴通讯, 000063, 0, 国产软件, 1
中兴通讯, 000063, 0, MSCI概念, 0
中兴通讯, 000063, 0, 汽车电子, 1
中兴通讯, 000063, 0, 人工智能, 1
中兴通讯, 000063, 0, 数据中心, 1
中兴通讯, 000063, 0, 数字经济, 1
中兴通讯, 000063, 0, 同花顺漂亮100, 0
中兴通讯, 000063, 0, 物联网, 1
中兴通讯, 000063, 0, 消费电子概念, 1
中兴通讯, 000063, 0, 新能源汽车, 1
中兴通讯, 000063, 0, 芯片概念, 1
中兴通讯, 000063, 0, 网络安全, 1
中兴通讯, 000063, 0, 虚拟现实, 1
中兴通讯, 000063, 0, 液冷服务器, 1
中兴通讯, 000063, 0, 元宇宙, 1
中兴通讯, 000063, 0, 云计算, 1
中兴通讯, 000063, 0, 智慧城市, 1
中兴通讯, 000063, 0, 智能穿戴, 1
中兴通讯, 000063, 0, 证金持股, 0
中兴通讯, 000063, 0, 5G, 1
中兴通讯, 000063, 0, 6G概念, 1
北方国际, 000065, 0, 标普道琼斯A股, 0
北方国际, 000065, 0, 超超临界发电, 0
北方国际, 000065, 0, 风电, 0
北方国际, 000065, 0, 煤炭概念, 0
北方国际, 000065, 0, 同花顺中特估100, 0
北方国际, 000065, 0, 央企国企改革, 0
北方国际, 000065, 0, 一带一路, 0
北方国际, 000065, 0, 智能物流, 2
中国长城, 000066, 20, 标普道琼斯A股, 0
中国长城, 000066, 20, 车联网, 1
中国长城, 000066, 20, 大数据, 1
中国长城, 000066, 20, 锂电池, 1
中国长城, 000066, 20, 东数西算（算力）, 1
中国长城, 000066, 20, 分拆上市意愿, 0
中国长城, 000066, 20, 国产软件, 1
中国长城, 000066, 20, 军工, 1
中国长城, 000066, 20, 国企改革, 0
中国长城, 000066, 20, 互联网医疗, 1
中国长城, 000066, 20, 华为概念, 1
中国长城, 000066, 20, 集成电路概念, 1
中国长城, 000066, 20, 军民融合, 1
中国长城, 000066, 20, MSCI概念, 0
中国长城, 000066, 20, 钠离子电池, 1
中国长城, 000066, 20, 汽车电子, 1
中国长城, 000066, 20, 区块链, 1
中国长城, 000066, 20, 人工智能, 1
中国长城, 000066, 20, 深股通, 1
中国长城, 000066, 20, 数据中心, 1
中国长城, 000066, 20, 数字经济, 1
中国长城, 000066, 20, 卫星导航, 1
中国长城, 000066, 20, 信创, 1
中国长城, 000066, 20, 芯片概念, 1
中国长城, 000066, 20, 网络安全, 1
中国长城, 000066, 20, 央企国企改革, 0
中国长城, 000066, 20, 粤港澳大湾区, 1
中国长城, 000066, 20, 云计算, 1
中国长城, 000066, 20, 智慧城市, 1
中国长城, 000066, 20, 中字头股票, 0
中国长城, 000066, 20, 5G, 1
华控赛格, 000068, 0, 创投, 1
华控赛格, 000068, 0, 锂电池, 1
华控赛格, 000068, 0, 国企改革, 0
华控赛格, 000068, 0, PPP概念, 1
华控赛格, 000068, 0, 粤港澳大湾区, 1
华控赛格, 000068, 0, 智慧城市, 1
华侨城A, 000069, 0, 标普道琼斯A股, 0
华侨城A, 000069, 0, 冰雪产业, 1
华侨城A, 000069, 0, 参股券商, 0
华侨城A, 000069, 0, 国企改革, 0
华侨城A, 000069, 0, MSCI概念, 0
华侨城A, 000069, 0, NFT概念, 1
华侨城A, 000069, 0, 深股通, 1
华侨城A, 000069, 0, 特色小镇, 1
华侨城A, 000069, 0, 体育产业, 0
华侨城A, 000069, 0, 新型城镇化, 1
华侨城A, 000069, 0, 央企国企改革, 0
华侨城A, 000069, 0, 证金持股, 0
特发信息, 000070, 0, 创投, 1
特发信息, 000070, 0, 大数据, 1
特发信息, 000070, 0, 东数西算（算力）, 1
特发信息, 000070, 0, 抖音概念, 1
特发信息, 000070, 0, F5G概念, 1
特发信息, 000070, 0, 共封装光学（CPO）, 1
特发信息, 000070, 0, 军工, 1
特发信息, 000070, 0, 国资云, 1
特发信息, 000070, 0, 华为概念, 1
特发信息, 000070, 0, 人工智能, 1
特发信息, 000070, 0, 数据中心, 1
特发信息, 000070, 0, 算力租赁, 1
特发信息, 000070, 0, 特高压, 1
特发信息, 000070, 0, 卫星导航, 1
特发信息, 000070, 0, 无人机, 1
特发信息, 000070, 0, 信创, 1
特发信息, 000070, 0, 芯片概念, 1
特发信息, 000070, 0, 一带一路, 0
特发信息, 000070, 0, 粤港澳大湾区, 1
特发信息, 000070, 0, 云计算, 1
特发信息, 000070, 0, 智慧城市, 1
特发信息, 000070, 0, 智慧灯杆, 1
特发信息, 000070, 0, 智能电网, 1
特发信息, 000070, 0, 5G, 1
海王生物, 000078, 0, 标普道琼斯A股, 0
海王生物, 000078, 0, 仿制药一致性评价, 0
海王生物, 000078, 0, 健康中国, 0
海王生物, 000078, 0, 冷链物流, 0
海王生物, 000078, 0, 禽流感, 0
海王生物, 000078, 0, 融资融券, 1
海王生物, 000078, 0, 深股通, 1
海王生物, 000078, 0, 医疗器械概念, 0
盐田港, 000088, 0, 标普道琼斯A股, 0
盐田港, 000088, 0, 国企改革, 0
盐田港, 000088, 0, 冷链物流, 0
盐田港, 000088, 0, 融资融券, 1
盐田港, 000088, 0, 深股通, 1
盐田港, 000088, 0, 统一大市场, 0
盐田港, 000088, 0, 雄安新区, 1
盐田港, 000088, 0, 粤港澳大湾区, 1
盐田港, 000088, 0, 中俄贸易概念, 0
深圳机场, 000089, 0, 标普道琼斯A股, 0
深圳机场, 000089, 0, 国企改革, 0
深圳机场, 000089, 0, 深股通, 1
深圳机场, 000089, 0, 粤港澳大湾区, 1
*ST大立, 002214, 0, 安防, 1
*ST大立, 002214, 0, 军工, 1
*ST大立, 002214, 0, 机器人概念, 1
*ST大立, 002214, 0, 军民融合, 1
*ST大立, 002214, 0, 壳资源, 0
*ST大立, 002214, 0, 深股通, 1
*ST大立, 002214, 0, 物联网, 1
*ST大立, 002214, 0, 无人机, 1
*ST大立, 002214, 0, 芯片概念, 1
*ST大立, 002214, 0, 智能电网, 1
诺普信, 002215, 0, 标普道琼斯A股, 0
诺普信, 002215, 0, 参股保险, 0
诺普信, 002215, 0, 草甘膦, 0
诺普信, 002215, 0, 互联网金融, 1
诺普信, 002215, 0, 生态农业, 1
诺普信, 002215, 0, 农村电商, 0
诺普信, 002215, 0, 农业种植, 0
诺普信, 002215, 0, 数字乡村, 1
诺普信, 002215, 0, 土壤修复, 0
诺普信, 002215, 0, 乡村振兴, 0
三全食品, 002216, 0, 电子商务, 0
三全食品, 002216, 0, 融资融券, 1
三全食品, 002216, 0, 深股通, 1
三全食品, 002216, 0, 预制菜, 0
合力泰, 002217, 0, 标普道琼斯A股, 0
合力泰, 002217, 0, 比亚迪概念, 1
合力泰, 002217, 0, 传感器, 1
合力泰, 002217, 0, ETC, 1
合力泰, 002217, 0, 富士康概念, 1
合力泰, 002217, 0, 海峡两岸, 1
合力泰, 002217, 0, 华为概念, 1
合力泰, 002217, 0, 机器人概念, 1
合力泰, 002217, 0, MSCI概念, 0
合力泰, 002217, 0, OLED, 1
合力泰, 002217, 0, PCB概念, 1
合力泰, 002217, 0, 汽车电子, 1
合力泰, 002217, 0, 柔性屏, 1
合力泰, 002217, 0, 无线充电, 1
合力泰, 002217, 0, 消费电子概念, 1
合力泰, 002217, 0, 小米概念, 1
合力泰, 002217, 0, 新能源汽车, 1
合力泰, 002217, 0, 虚拟现实, 1
合力泰, 002217, 0, 智能穿戴, 1
合力泰, 002217, 0, 5G, 1
拓日新能, 002218, 0, 钙钛矿电池, 1
拓日新能, 002218, 0, 光伏概念, 1
拓日新能, 002218, 0, 绿色电力, 0
拓日新能, 002218, 0, POE胶膜, 0
拓日新能, 002218, 0, 深股通, 1
新里程, 002219, 0, 民营医院, 0
新里程, 002219, 0, 融资融券, 1
新里程, 002219, 0, 深股通, 1
东华能源, 002221, 20, 俄乌冲突概念, 0
东华能源, 002221, 20, 氢能源, 0
东华能源, 002221, 20, 燃料电池, 1
东华能源, 002221, 20, 融资融券, 1
东华能源, 002221, 20, 深股通, 1
东华能源, 002221, 20, 天然气, 0
福晶科技, 002222, 0, 福建自贸区, 1
福晶科技, 002222, 0, 国企改革, 0
福晶科技, 002222, 0, 华为概念, 1
福晶科技, 002222, 0, 深股通, 1
福晶科技, 002222, 0, 无人驾驶, 1
福晶科技, 002222, 0, 虚拟现实, 1
福晶科技, 002222, 0, 央企国企改革, 0
鱼跃医疗, 002223, 0, 标普道琼斯A股, 0
鱼跃医疗, 002223, 0, 互联网医疗, 1
鱼跃医疗, 002223, 0, 健康中国, 0
鱼跃医疗, 002223, 0, MSCI概念, 0
鱼跃医疗, 002223, 0, 融资融券, 1
鱼跃医疗, 002223, 0, 深股通, 1
鱼跃医疗, 002223, 0, 养老概念, 1
鱼跃医疗, 002223, 0, 医疗器械概念, 0
鱼跃医疗, 002223, 0, 幽门螺杆菌概念, 0
濮耐股份, 002225, 0, 碳中和, 1
濮耐股份, 002225, 0, 小金属概念, 0
濮耐股份, 002225, 0, 新材料概念, 1
濮耐股份, 002225, 0, 中俄贸易概念, 0
濮耐股份, 002225, 0, 证金持股, 0
江南化工, 002226, 0, 标普道琼斯A股, 0
江南化工, 002226, 0, 创投, 1
江南化工, 002226, 0, 独角兽概念, 1
江南化工, 002226, 0, 风电, 0
江南化工, 002226, 0, 光伏概念, 1
江南化工, 002226, 0, 国企改革, 0
江南化工, 002226, 0, 绿色电力, 0
江南化工, 002226, 0, 人工智能, 1
江南化工, 002226, 0, 深股通, 1
江南化工, 002226, 0, 新能源汽车, 1
江南化工, 002226, 0, 央企国企改革, 0
江南化工, 002226, 0, 一带一路, 0
江南化工, 002226, 0, 专精特新, 1
奥特迅, 002227, 0, 比亚迪概念, 1
奥特迅, 002227, 0, 充电桩, 1
奥特迅, 002227, 0, 储能, 1
奥特迅, 002227, 0, 高压快充, 1
奥特迅, 002227, 0, 核电, 0
奥特迅, 002227, 0, 换电概念, 1
奥特迅, 002227, 0, 柔性直流输电, 0
奥特迅, 002227, 0, 特高压, 1
奥特迅, 002227, 0, 虚拟电厂, 1
合兴包装, 002228, 0, 工业4.0, 1
合兴包装, 002228, 0, 供应链金融, 0
合兴包装, 002228, 0, 小米概念, 1
鸿博股份, 002229, 0, 东数西算（算力）, 1
鸿博股份, 002229, 0, 区块链, 1
鸿博股份, 002229, 0, 人工智能, 1
鸿博股份, 002229, 0, 深股通, 1
鸿博股份, 002229, 0, 数据中心, 1
鸿博股份, 002229, 0, 数字经济, 1
鸿博股份, 002229, 0, 算力租赁, 1
鸿博股份, 002229, 0, 体育产业, 0
鸿博股份, 002229, 0, 虚拟数字人, 1
鸿博股份, 002229, 0, 元宇宙, 1
鸿博股份, 002229, 0, 云计算, 1
科大讯飞, 002230, 20, 车联网, 1
科大讯飞, 002230, 20, 东数西算（算力）, 1
科大讯飞, 002230, 20, 独角兽概念, 1
科大讯飞, 002230, 20, 工业互联网, 1
科大讯飞, 002230, 20, 国产软件, 1
科大讯飞, 002230, 20, 互联网医疗, 1
科大讯飞, 002230, 20, 华为概念, 1
科大讯飞, 002230, 20, 华为昇腾, 1
科大讯飞, 002230, 20, 家庭医生, 1
科大讯飞, 002230, 20, 机器人概念, 1
科大讯飞, 002230, 20, 机器视觉, 1
科大讯飞, 002230, 20, 量子科技, 1
科大讯飞, 002230, 20, MSCI概念, 0
科大讯飞, 002230, 20, 人工智能, 1
科大讯飞, 002230, 20, 人脸识别, 1
科大讯飞, 002230, 20, 数字孪生, 1
科大讯飞, 002230, 20, 同花顺漂亮100, 0
科大讯飞, 002230, 20, 无线耳机, 1
科大讯飞, 002230, 20, 雄安新区, 1
科大讯飞, 002230, 20, 消费电子概念, 1
科大讯飞, 002230, 20, 虚拟数字人, 1
科大讯飞, 002230, 20, 元宇宙, 1
科大讯飞, 002230, 20, 语音技术, 1
科大讯飞, 002230, 20, 在线教育, 1
科大讯飞, 002230, 20, 智慧城市, 1
科大讯飞, 002230, 20, 智能穿戴, 1
科大讯飞, 002230, 20, 智能家居, 1
科大讯飞, 002230, 20, 智能医疗, 1
科大讯飞, 002230, 20, 智能音箱, 1
*ST奥维, 002231, 0, 军工, 1
*ST奥维, 002231, 0, 军民融合, 1
*ST奥维, 002231, 0, 专精特新, 1
*ST奥维, 002231, 0, 5G, 1
启明信息, 002232, 0, 百度概念, 1
启明信息, 002232, 0, 车联网, 1
启明信息, 002232, 0, 大数据, 1
启明信息, 002232, 0, EDR概念, 1
启明信息, 002232, 0, ERP概念, 1
启明信息, 002232, 0, 工业互联网, 1
启明信息, 002232, 0, 国产操作系统, 1
启明信息, 002232, 0, 国产软件, 1
启明信息, 002232, 0, 国资云, 1
启明信息, 002232, 0, 华为概念, 1
启明信息, 002232, 0, 华为汽车, 1
启明信息, 002232, 0, 汽车电子, 1
启明信息, 002232, 0, 人工智能, 1
启明信息, 002232, 0, 数据要素, 1
启明信息, 002232, 0, 数据中心, 1
启明信息, 002232, 0, 数字经济, 1
启明信息, 002232, 0, 数字孪生, 1
启明信息, 002232, 0, 算力租赁, 1
启明信息, 002232, 0, 胎压监测, 1
启明信息, 002232, 0, 卫星导航, 1
启明信息, 002232, 0, 无人驾驶, 1
启明信息, 002232, 0, 信创, 1
启明信息, 002232, 0, 新能源汽车, 1
启明信息, 002232, 0, 网络安全, 1
启明信息, 002232, 0, 虚拟现实, 1
启明信息, 002232, 0, 央企国企改革, 0
启明信息, 002232, 0, 元宇宙, 1
启明信息, 002232, 0, 云计算, 1
启明信息, 002232, 0, 智慧城市, 1
启明信息, 002232, 0, 智能交通, 1
塔牌集团, 002233, 0, 标普道琼斯A股, 0
塔牌集团, 002233, 0, 创投, 1
塔牌集团, 002233, 0, 融资融券, 1
塔牌集团, 002233, 0, 深股通, 1
塔牌集团, 002233, 0, 粤港澳大湾区, 1
塔牌集团, 002233, 0, 三季报预增, 1
民和股份, 002234, 0, 电子商务, 0
民和股份, 002234, 0, 生态农业, 1
民和股份, 002234, 0, 融资融券, 1
民和股份, 002234, 0, 深股通, 1
民和股份, 002234, 0, 养鸡, 1
民和股份, 002234, 0, 预制菜, 0
安妮股份, 002235, 0, 大数据, 1
安妮股份, 002235, 0, 融资融券, 1
安妮股份, 002235, 0, 数据要素, 1
安妮股份, 002235, 0, 文化传媒, 1
大华股份, 002236, 0, 安防, 1
大华股份, 002236, 0, 标普道琼斯A股, 0
大华股份, 002236, 0, 超清视频, 1
大华股份, 002236, 0, 充电桩, 1
大华股份, 002236, 0, 存储芯片, 1
大华股份, 002236, 0, 大数据, 1
大华股份, 002236, 0, 杭州亚运会, 1
大华股份, 002236, 0, 机器人概念, 1
大华股份, 002236, 0, 机器视觉, 1
大华股份, 002236, 0, MSCI概念, 0
大华股份, 002236, 0, PPP概念, 1
大华股份, 002236, 0, 汽车电子, 1
大华股份, 002236, 0, 人工智能, 1
大华股份, 002236, 0, 人脸识别, 1
大华股份, 002236, 0, 数据中心, 1
大华股份, 002236, 0, 数字经济, 1
大华股份, 002236, 0, 腾讯概念, 1
大华股份, 002236, 0, 无人机, 1
大华股份, 002236, 0, 无人驾驶, 1
大华股份, 002236, 0, 新能源汽车, 1
大华股份, 002236, 0, 虚拟现实, 1
大华股份, 002236, 0, 智慧城市, 1
大华股份, 002236, 0, 智能家居, 1
大华股份, 002236, 0, 智能交通, 1
大华股份, 002236, 0, 智能物流, 2
大华股份, 002236, 0, 证金持股, 0
恒邦股份, 002237, 0, 标普道琼斯A股, 0
恒邦股份, 002237, 0, 国企改革, 0
恒邦股份, 002237, 0, 化肥, 0
恒邦股份, 002237, 0, 黄金概念, 0
恒邦股份, 002237, 0, 磷化工, 0
恒邦股份, 002237, 0, 深股通, 1
恒邦股份, 002237, 0, 金属铜, 0
恒邦股份, 002237, 0, 小金属概念, 0
恒邦股份, 002237, 0, 稀缺资源, 0
天威视讯, 002238, 0, 参股新三板, 1
天威视讯, 002238, 0, 超清视频, 1
天威视讯, 002238, 0, 短剧游戏, 1
天威视讯, 002238, 0, 国资云, 1
天威视讯, 002238, 0, 数据中心, 1
天威视讯, 002238, 0, 文化传媒, 1
天威视讯, 002238, 0, 虚拟现实, 1
天威视讯, 002238, 0, 云计算, 1
天威视讯, 002238, 0, 智慧城市, 1
天威视讯, 002238, 0, 智慧政务, 1
天威视讯, 002238, 0, 5G, 1
奥特佳, 002239, 120, 比亚迪概念, 1
奥特佳, 002239, 120, 宁德时代概念, 1
奥特佳, 002239, 120, 储能, 1
奥特佳, 002239, 120, 恒大概念, 1
奥特佳, 002239, 120, 华为汽车, 1
奥特佳, 002239, 120, 汽车热管理, 1
奥特佳, 002239, 120, 深股通, 1
奥特佳, 002239, 120, 特斯拉, 1
奥特佳, 002239, 120, 小米概念, 1
奥特佳, 002239, 120, 新能源汽车, 1
盛新锂能, 002240, 0, 比亚迪概念, 1
盛新锂能, 002240, 0, 宁德时代概念, 1
盛新锂能, 002240, 0, 锂电池, 1
盛新锂能, 002240, 0, 融资融券, 1
盛新锂能, 002240, 0, 深股通, 1
盛新锂能, 002240, 0, 小金属概念, 0
歌尔股份, 002241, 0, 标普道琼斯A股, 0
歌尔股份, 002241, 0, 传感器, 1
歌尔股份, 002241, 0, 创投, 1
歌尔股份, 002241, 0, 独角兽概念, 1
歌尔股份, 002241, 0, 分拆上市意愿, 0
歌尔股份, 002241, 0, 富士康概念, 1
歌尔股份, 002241, 0, 工业4.0, 1
歌尔股份, 002241, 0, 工业互联网, 1
歌尔股份, 002241, 0, 华为概念, 1
歌尔股份, 002241, 0, 机器人概念, 1
歌尔股份, 002241, 0, MSCI概念, 0
歌尔股份, 002241, 0, 苹果概念, 1
歌尔股份, 002241, 0, 汽车电子, 1
歌尔股份, 002241, 0, 深股通, 1
歌尔股份, 002241, 0, 同花顺漂亮100, 0
歌尔股份, 002241, 0, 物联网, 1
歌尔股份, 002241, 0, 无人机, 1
歌尔股份, 002241, 0, 无线耳机, 1
歌尔股份, 002241, 0, 消费电子概念, 1
歌尔股份, 002241, 0, 小米概念, 1
歌尔股份, 002241, 0, 星闪概念, 1
歌尔股份, 002241, 0, 芯片概念, 1
歌尔股份, 002241, 0, 虚拟现实, 1
歌尔股份, 002241, 0, 元宇宙, 1
歌尔股份, 002241, 0, 智能穿戴, 1
歌尔股份, 002241, 0, 智能家居, 1
歌尔股份, 002241, 0, 智能音箱, 1
歌尔股份, 002241, 0, 证金持股, 0
九阳股份, 002242, 0, 标普道琼斯A股, 0
九阳股份, 002242, 0, 电子商务, 0
九阳股份, 002242, 0, 家用电器, 0
九阳股份, 002242, 0, 净水概念, 0
九阳股份, 002242, 0, 深股通, 1
九阳股份, 002242, 0, 智能家居, 1
九阳股份, 002242, 0, 证金持股, 0
力合科创, 002243, 20, 创投, 1
力合科创, 002243, 20, 大数据, 1
力合科创, 002243, 20, 锂电池, 1
力合科创, 002243, 20, 东数西算（算力）, 1
力合科创, 002243, 20, 国企改革, 0
力合科创, 002243, 20, 毫米波雷达, 1
力合科创, 002243, 20, 抗病毒面料, 0
力合科创, 002243, 20, 可降解塑料, 0
力合科创, 002243, 20, 冷链物流, 0
力合科创, 002243, 20, 深股通, 1
力合科创, 002243, 20, 数据中心, 1
力合科创, 002243, 20, 数字经济, 1
力合科创, 002243, 20, 物业管理, 0
力合科创, 002243, 20, 芯片概念, 1
力合科创, 002243, 20, 三季报预增, 1
力合科创, 002243, 20, 智慧城市, 1
滨江集团, 002244, 0, 标普道琼斯A股, 0
滨江集团, 002244, 0, 融资融券, 1
滨江集团, 002244, 0, 深股通, 1
滨江集团, 002244, 0, 养老概念, 1
滨江集团, 002244, 0, 证金持股, 0
蔚蓝锂芯, 002245, 0, 创投, 1
蔚蓝锂芯, 002245, 0, 储能, 1
蔚蓝锂芯, 002245, 0, 锂电池, 1
蔚蓝锂芯, 002245, 0, 节能照明, 1
蔚蓝锂芯, 002245, 0, MiniLED, 1
蔚蓝锂芯, 002245, 0, 钠离子电池, 1
蔚蓝锂芯, 002245, 0, 深股通, 1
蔚蓝锂芯, 002245, 0, 芯片概念, 1
北化股份, 002246, 0, 军工, 1
北化股份, 002246, 0, 国企改革, 0
北化股份, 002246, 0, 核污染防治, 1
北化股份, 002246, 0, 军民融合, 1
北化股份, 002246, 0, 垃圾分类, 1
北化股份, 002246, 0, 深股通, 1
北化股份, 002246, 0, 央企国企改革, 0
北化股份, 002246, 0, 证金持股, 0
聚力文化, 002247, 120, 长三角一体化, 0
华东数控, 002248, 0, 高端装备, 1
华东数控, 002248, 0, 新型工业化, 2
华东数控, 002248, 0, 智能制造, 1
大洋电机, 002249, 0, 标普道琼斯A股, 0
大洋电机, 002249, 0, 比亚迪概念, 1
大洋电机, 002249, 0, 充电桩, 1
大洋电机, 002249, 0, 军工, 1
大洋电机, 002249, 0, 恒大概念, 1
大洋电机, 002249, 0, 氢能源, 0
大洋电机, 002249, 0, 燃料电池, 1
大洋电机, 002249, 0, 深股通, 1
大洋电机, 002249, 0, 新能源汽车, 1
大洋电机, 002249, 0, 芯片概念, 1
大洋电机, 002249, 0, 稀土永磁, 1
联化科技, 002250, 0, 创新药, 0
联化科技, 002250, 0, 金改, 1
联化科技, 002250, 0, MSCI概念, 0
联化科技, 002250, 0, 深股通, 1
联化科技, 002250, 0, 证金持股, 0
步步高, 002251, 0, 标普道琼斯A股, 0
步步高, 002251, 0, 冷链物流, 0
步步高, 002251, 0, 免税店, 1
步步高, 002251, 0, ST板块, 0
步步高, 002251, 0, 统一大市场, 0
步步高, 002251, 0, 新零售, 0
步步高, 002251, 0, 预制菜, 0
步步高, 002251, 0, 智能物流, 2
上海莱士, 002252, 0, 标普道琼斯A股, 0
上海莱士, 002252, 0, 融资融券, 1
上海莱士, 002252, 0, 深股通, 1
*ST智胜, 002253, 0, 安防, 1
*ST智胜, 002253, 0, 车联网, 1
*ST智胜, 002253, 0, 成飞概念, 1
*ST智胜, 002253, 0, 军工, 1
*ST智胜, 002253, 0, 华为概念, 1
*ST智胜, 002253, 0, 华为鲲鹏, 1
*ST智胜, 002253, 0, 军民融合, 1
*ST智胜, 002253, 0, 人工智能, 1
*ST智胜, 002253, 0, 人脸识别, 1
*ST智胜, 002253, 0, 数据要素, 1
*ST智胜, 002253, 0, 通用航空, 1
*ST智胜, 002253, 0, 信创, 1
*ST智胜, 002253, 0, 网络安全, 1
*ST智胜, 002253, 0, 虚拟现实, 1
*ST智胜, 002253, 0, 元宇宙, 1
*ST智胜, 002253, 0, 云计算, 1
*ST智胜, 002253, 0, 智慧城市, 1
*ST智胜, 002253, 0, 智慧政务, 1
*ST智胜, 002253, 0, 智能交通, 1
*ST智胜, 002253, 0, 职业教育, 1
泰和新材, 002254, 0, 标普道琼斯A股, 0
泰和新材, 002254, 0, 高铁, 1
泰和新材, 002254, 0, 军工, 1
泰和新材, 002254, 0, 军民融合, 1
泰和新材, 002254, 0, 无人机, 1
泰和新材, 002254, 0, 新材料概念, 1
海陆重工, 002255, 20, 充电桩, 1
海陆重工, 002255, 20, 光伏概念, 1
海陆重工, 002255, 20, 固废处理, 0
海陆重工, 002255, 20, 核电, 0
海陆重工, 002255, 20, 节能环保, 1
海陆重工, 002255, 20, 煤化工, 0
海陆重工, 002255, 20, 氢能源, 0
海陆重工, 002255, 20, 污水处理, 0
海陆重工, 002255, 20, 芯片概念, 1
兆新股份, 002256, 0, 标普道琼斯A股, 0
兆新股份, 002256, 0, 充电桩, 1
兆新股份, 002256, 0, 光伏概念, 1
兆新股份, 002256, 0, 绿色电力, 0
兆新股份, 002256, 0, 深股通, 1
利尔化学, 002258, 60, 标普道琼斯A股, 0
利尔化学, 002258, 60, 国企改革, 0
利尔化学, 002258, 60, 深股通, 1
利尔化学, 002258, 60, 央企国企改革, 0
升达林业, 002259, 20, 壳资源, 0
升达林业, 002259, 20, ST板块, 0
升达林业, 002259, 20, 天然气, 0
拓维信息, 002261, 0, 边缘计算, 1
拓维信息, 002261, 0, 大数据, 1
拓维信息, 002261, 0, 电子商务, 0
拓维信息, 002261, 0, 东数西算（算力）, 1
拓维信息, 002261, 0, 三胎概念, 0
拓维信息, 002261, 0, 工业互联网, 1
拓维信息, 002261, 0, 国产操作系统, 1
拓维信息, 002261, 0, 国产软件, 1
拓维信息, 002261, 0, 鸿蒙概念, 1
拓维信息, 002261, 0, 华为概念, 1
拓维信息, 002261, 0, 华为鲲鹏, 1
拓维信息, 002261, 0, 华为昇腾, 1
拓维信息, 002261, 0, 机器人概念, 1
拓维信息, 002261, 0, 人工智能, 1
拓维信息, 002261, 0, 算力租赁, 1
拓维信息, 002261, 0, 托育服务, 0
拓维信息, 002261, 0, 物联网, 1
拓维信息, 002261, 0, 信创, 1
拓维信息, 002261, 0, 虚拟数字人, 1
拓维信息, 002261, 0, 液冷服务器, 1
拓维信息, 002261, 0, 移动支付, 1
拓维信息, 002261, 0, 云计算, 1
拓维信息, 002261, 0, 在线教育, 1
拓维信息, 002261, 0, 智慧政务, 1
拓维信息, 002261, 0, 智能交通, 1
拓维信息, 002261, 0, 智能制造, 1
恩华药业, 002262, 0, 标普道琼斯A股, 0
恩华药业, 002262, 0, 创新药, 0
恩华药业, 002262, 0, 仿制药一致性评价, 0
恩华药业, 002262, 0, 融资融券, 1
恩华药业, 002262, 0, 深股通, 1
恩华药业, 002262, 0, 医药电商, 0
大东南, 002263, 0, 共同富裕示范区, 1
大东南, 002263, 0, 光伏概念, 1
大东南, 002263, 0, 煤化工, 0
大东南, 002263, 0, 柔性直流输电, 0
大东南, 002263, 0, 深股通, 1
大东南, 002263, 0, 特高压, 1
大东南, 002263, 0, 新材料概念, 1
大东南, 002263, 0, 新能源汽车, 1
新华都, 002264, 0, 阿里巴巴概念, 1
新华都, 002264, 0, 电子商务, 0
新华都, 002264, 0, 健康中国, 0
新华都, 002264, 0, 网络直播, 0
新华都, 002264, 0, 网红经济, 1
建设工业, 002265, 0, 比亚迪概念, 1
建设工业, 002265, 0, 军工, 1
建设工业, 002265, 0, 军民融合, 1
建设工业, 002265, 0, 汽车电子, 1
建设工业, 002265, 0, 深股通, 1
建设工业, 002265, 0, 无人驾驶, 1
建设工业, 002265, 0, 新能源汽车, 1
建设工业, 002265, 0, 央企国企改革, 0
浙富控股, 002266, 0, 标普道琼斯A股, 0
浙富控股, 002266, 0, 抽水蓄能, 0
浙富控股, 002266, 0, 动力电池回收, 1
浙富控股, 002266, 0, 独角兽概念, 1
浙富控股, 002266, 0, 共同富裕示范区, 1
浙富控股, 002266, 0, 固废处理, 0
浙富控股, 002266, 0, 核电, 0
浙富控股, 002266, 0, 互联网金融, 1
浙富控股, 002266, 0, MSCI概念, 0
浙富控股, 002266, 0, 深股通, 1
浙富控股, 002266, 0, 金属铜, 0
浙富控股, 002266, 0, 文化传媒, 1
浙富控股, 002266, 0, 小金属概念, 0
浙富控股, 002266, 0, 一带一路, 0
天禾股份, 002999, 20, 供销社, 1
天禾股份, 002999, 20, 化肥, 0
天禾股份, 002999, 20, 粮食概念, 0
天禾股份, 002999, 20, 农业种植, 0
天禾股份, 002999, 20, 数字乡村, 1
天禾股份, 002999, 20, 乡村振兴, 0
劲仔食品, 003000, 0, 电子商务, 0
劲仔食品, 003000, 0, 深股通, 1
劲仔食品, 003000, 0, 网络直播, 0
劲仔食品, 003000, 0, 一带一路, 0
中岩大地, 003001, 0, 人工智能, 1
中岩大地, 003001, 0, 土壤修复, 0
中岩大地, 003001, 0, 雄安新区, 1
中岩大地, 003001, 0, 一带一路, 0
中岩大地, 003001, 0, 在线教育, 1
中岩大地, 003001, 0, 职业教育, 1
中岩大地, 003001, 0, 装配式建筑, 0
壶化股份, 003002, 20, 军工, 1
壶化股份, 003002, 20, 民爆概念, 0
壶化股份, 003002, 20, 芯片概念, 1
壶化股份, 003002, 20, 一带一路, 0
天元股份, 003003, 0, 节能环保, 1
天元股份, 003003, 0, 可降解塑料, 0
天元股份, 003003, 0, 跨境电商, 0
天元股份, 003003, 0, 冷链物流, 0
天元股份, 003003, 0, 三季报预增, 1
*ST声迅, 003004, 0, 安防, 1
*ST声迅, 003004, 0, 军工, 1
*ST声迅, 003004, 0, 人工智能, 1
*ST声迅, 003004, 0, 数据要素, 1
*ST声迅, 003004, 0, 数字经济, 1
*ST声迅, 003004, 0, 雄安新区, 1
*ST声迅, 003004, 0, 智慧城市, 1
*ST声迅, 003004, 0, 智能医疗, 1
竞业达, 003005, 0, 安防, 1
竞业达, 003005, 0, 百度概念, 1
竞业达, 003005, 0, 边缘计算, 1
竞业达, 003005, 0, 传感器, 1
竞业达, 003005, 0, 大数据, 1
竞业达, 003005, 0, 东数西算（算力）, 1
竞业达, 003005, 0, 国产软件, 1
竞业达, 003005, 0, 京津冀一体化, 1
竞业达, 003005, 0, 人工智能, 1
竞业达, 003005, 0, 深股通, 1
竞业达, 003005, 0, 数字孪生, 1
竞业达, 003005, 0, 物联网, 1
竞业达, 003005, 0, 信创, 1
竞业达, 003005, 0, 虚拟现实, 1
竞业达, 003005, 0, 云计算, 1
竞业达, 003005, 0, 在线教育, 1
竞业达, 003005, 0, 智慧城市, 1
竞业达, 003005, 0, 智能交通, 1
竞业达, 003005, 0, 职业教育, 1
竞业达, 003005, 0, 专精特新, 1
百亚股份, 003006, 20, 电子商务, 0
百亚股份, 003006, 20, 三胎概念, 0
百亚股份, 003006, 20, 深股通, 1
百亚股份, 003006, 20, 网络直播, 0
直真科技, 003007, 0, 东数西算（算力）, 1
直真科技, 003007, 0, 国产软件, 1
直真科技, 003007, 0, 华为概念, 1
直真科技, 003007, 0, 人工智能, 1
直真科技, 003007, 0, 数据要素, 1
直真科技, 003007, 0, 数据中心, 1
直真科技, 003007, 0, 数字经济, 1
直真科技, 003007, 0, 数字孪生, 1
直真科技, 003007, 0, 物联网, 1
直真科技, 003007, 0, 在线教育, 1
直真科技, 003007, 0, 智慧政务, 1
直真科技, 003007, 0, 5G, 1
开普检测, 003008, 20, 充电桩, 1
开普检测, 003008, 20, 智能电网, 1
中天火箭, 003009, 0, 光伏概念, 1
中天火箭, 003009, 0, 军工, 1
中天火箭, 003009, 0, 军民融合, 1
中天火箭, 003009, 0, 无人机, 1
中天火箭, 003009, 0, 央企国企改革, 0
中天火箭, 003009, 0, 中字头股票, 0
中天火箭, 003009, 0, 专精特新, 1
若羽臣, 003010, 0, 阿里巴巴概念, 1
若羽臣, 003010, 0, 宠物经济, 0
若羽臣, 003010, 0, 电子商务, 0
若羽臣, 003010, 0, 抖音概念, 1
若羽臣, 003010, 0, 跨境电商, 0
若羽臣, 003010, 0, 数字经济, 1
若羽臣, 003010, 0, 网络直播, 0
若羽臣, 003010, 0, 新零售, 0
若羽臣, 003010, 0, 虚拟数字人, 1
若羽臣, 003010, 0, 虚拟现实, 1
若羽臣, 003010, 0, 粤港澳大湾区, 1
海象新材, 003011, 0, 长三角一体化, 0
海象新材, 003011, 0, 共同富裕示范区, 1
东鹏控股, 003012, 0, 深股通, 1
东鹏控股, 003012, 0, 新零售, 0
东鹏控股, 003012, 0, 虚拟数字人, 1
东鹏控股, 003012, 0, 粤港澳大湾区, 1
地铁设计, 003013, 0, 地下管网, 1
地铁设计, 003013, 0, 人工智能, 1
地铁设计, 003013, 0, 深股通, 1
地铁设计, 003013, 0, 数字经济, 1
地铁设计, 003013, 0, 乡村振兴, 0
地铁设计, 003013, 0, 新型城镇化, 1
地铁设计, 003013, 0, 一带一路, 0
地铁设计, 003013, 0, 粤港澳大湾区, 1
地铁设计, 003013, 0, 智慧城市, 1
地铁设计, 003013, 0, 智能交通, 1
地铁设计, 003013, 0, 装配式建筑, 0
日久光电, 003015, 0, 华为概念, 1
日久光电, 003015, 0, PET铜箔, 1
日久光电, 003015, 0, 柔性屏, 1
日久光电, 003015, 0, 消费电子概念, 1
日久光电, 003015, 0, 小米概念, 1
日久光电, 003015, 0, 新能源汽车, 1
欣贺股份, 003016, 0, 电子商务, 0
欣贺股份, 003016, 0, 海峡两岸, 1
欣贺股份, 003016, 0, 抗病毒面料, 0
欣贺股份, 003016, 0, 数字经济, 1
欣贺股份, 003016, 0, 腾讯概念, 1
欣贺股份, 003016, 0, 网络直播, 0
欣贺股份, 003016, 0, 新零售, 0
大洋生物, 003017, 0, 化肥, 0
宸展光电, 003019, 0, 汽车电子, 1
宸展光电, 003019, 0, 人工智能, 1
宸展光电, 003019, 0, 特斯拉, 1
宸展光电, 003019, 0, 智能座舱, 1
立方制药, 003020, 0, 仿制药一致性评价, 0
立方制药, 003020, 0, 肝炎概念, 0
立方制药, 003020, 0, 深股通, 1
立方制药, 003020, 0, 医药电商, 0
兆威机电, 003021, 0, 比亚迪概念, 1
兆威机电, 003021, 0, 充电桩, 1
兆威机电, 003021, 0, 华为概念, 1
兆威机电, 003021, 0, 华为汽车, 1
兆威机电, 003021, 0, 减速器, 2
兆威机电, 003021, 0, 机器人概念, 1
兆威机电, 003021, 0, 小米概念, 1
兆威机电, 003021, 0, 新能源汽车, 1
兆威机电, 003021, 0, 5G, 1
联泓新科, 003022, 0, 锂电池, 1
联泓新科, 003022, 0, 光伏概念, 1
联泓新科, 003022, 0, 集成电路概念, 1
联泓新科, 003022, 0, 可降解塑料, 0
联泓新科, 003022, 0, POE胶膜, 0
联泓新科, 003022, 0, 深股通, 1
联泓新科, 003022, 0, 新材料概念, 1
彩虹集团, 003023, 20, 电子商务, 0
彩虹集团, 003023, 20, 家用电器, 0
彩虹集团, 003023, 20, 网络直播, 0
彩虹集团, 003023, 20, 消毒剂, 0
彩虹集团, 003023, 20, 医疗器械概念, 0
思进智能, 003025, 20, 高端装备, 1
思进智能, 003025, 20, 工业互联网, 1
思进智能, 003025, 20, 工业母机, 2
思进智能, 003025, 20, 军工, 1
思进智能, 003025, 20, 新能源汽车, 1
思进智能, 003025, 20, 新型工业化, 2
思进智能, 003025, 20, 一体化压铸, 1
思进智能, 003025, 20, 智能制造, 1
思进智能, 003025, 20, 专精特新, 1
中晶科技, 003026, 60, 汽车电子, 1
中晶科技, 003026, 60, 芯片概念, 1
同兴科技, 003027, 0, 储能, 1
同兴科技, 003027, 0, 节能环保, 1
同兴科技, 003027, 0, 钠离子电池, 1
同兴科技, 003027, 0, 碳中和, 1
振邦智能, 003028, 0, 储能, 1
振邦智能, 003028, 0, 光伏概念, 1
振邦智能, 003028, 0, 家用电器, 0
振邦智能, 003028, 0, 机器人概念, 1
振邦智能, 003028, 0, 机器视觉, 1
振邦智能, 003028, 0, 汽车电子, 1
振邦智能, 003028, 0, 汽车热管理, 1
振邦智能, 003028, 0, 新能源汽车, 1
吉大正元, 003029, 0, 车联网, 1
吉大正元, 003029, 0, 电子身份证, 1
吉大正元, 003029, 0, 抖音概念, 1
吉大正元, 003029, 0, 工业互联网, 1
吉大正元, 003029, 0, 军工, 1
吉大正元, 003029, 0, 鸿蒙概念, 1
吉大正元, 003029, 0, 华为概念, 1
吉大正元, 003029, 0, 蚂蚁金服概念, 1
吉大正元, 003029, 0, 区块链, 1
吉大正元, 003029, 0, 数字货币, 1
吉大正元, 003029, 0, 数字水印, 1
吉大正元, 003029, 0, 信创, 1
吉大正元, 003029, 0, 芯片概念, 1
吉大正元, 003029, 0, 网络安全, 1
吉大正元, 003029, 0, 智慧政务, 1
吉大正元, 003029, 0, 中俄贸易概念, 0
吉大正元, 003029, 0, 专精特新, 1
祖名股份, 003030, 0, 电子商务, 0
祖名股份, 003030, 0, 共同富裕示范区, 1
祖名股份, 003030, 0, 杭州亚运会, 1
祖名股份, 003030, 0, 网络直播, 0
祖名股份, 003030, 0, 网红经济, 1
祖名股份, 003030, 0, 新零售, 0
中瓷电子, 003031, 20, 比亚迪概念, 1
中瓷电子, 003031, 20, 第三代半导体, 1
中瓷电子, 003031, 20, 光刻机, 1
中瓷电子, 003031, 20, 军工, 1
中瓷电子, 003031, 20, 华为概念, 1
中瓷电子, 003031, 20, 汽车电子, 1
中瓷电子, 003031, 20, 消费电子概念, 1
中瓷电子, 003031, 20, 芯片概念, 1
中瓷电子, 003031, 20, 央企国企改革, 0
中瓷电子, 003031, 20, 中字头股票, 0
中瓷电子, 003031, 20, 5G, 1
*ST传智, 003032, 60, 鸿蒙概念, 1
*ST传智, 003032, 60, 华为概念, 1
*ST传智, 003032, 60, 在线教育, 1
*ST传智, 003032, 60, 职业教育, 1
征和工业, 003033, 0, 农机, 0
征和工业, 003033, 0, 专精特新, 1
南网能源, 003035, 0, 风电, 0
南网能源, 003035, 0, 光伏概念, 1
南网能源, 003035, 0, 建筑节能, 1
南网能源, 003035, 0, 节能环保, 1
南网能源, 003035, 0, 绿色电力, 0
南网能源, 003035, 0, 深股通, 1
南网能源, 003035, 0, 碳中和, 1
南网能源, 003035, 0, 央企国企改革, 0
南网能源, 003035, 0, 智能电网, 1
泰坦股份, 003036, 0, 参股银行, 0
泰坦股份, 003036, 0, 长三角一体化, 0
泰坦股份, 003036, 0, 共同富裕示范区, 1
三和管桩, 003037, 20, 地下管网, 1
三和管桩, 003037, 20, 深股通, 1
三和管桩, 003037, 20, 新型城镇化, 1
三和管桩, 003037, 20, 一带一路, 0
三和管桩, 003037, 20, 粤港澳大湾区, 1
三和管桩, 003037, 20, 装配式建筑, 0
鑫铂股份, 003038, 20, 光伏概念, 1
鑫铂股份, 003038, 20, 深股通, 1
鑫铂股份, 003038, 20, 新能源汽车, 1
鑫铂股份, 003038, 20, 三季报预增, 1
鑫铂股份, 003038, 20, 专精特新, 1
顺控发展, 003039, 0, 地下管网, 1
顺控发展, 003039, 0, 固废处理, 0
顺控发展, 003039, 0, 国企改革, 0
顺控发展, 003039, 0, 绿色电力, 0
顺控发展, 003039, 0, 深股通, 1
顺控发展, 003039, 0, 污水处理, 0
顺控发展, 003039, 0, 乡村振兴, 0
楚天龙, 003040, 0, 电子身份证, 1
楚天龙, 003040, 0, 人工智能, 1
楚天龙, 003040, 0, 数字货币, 1
楚天龙, 003040, 0, 数字经济, 1
楚天龙, 003040, 0, 移动支付, 1
楚天龙, 003040, 0, 智慧政务, 1
真爱美家, 003041, 0, 共同富裕示范区, 1
真爱美家, 003041, 0, 新零售, 0
真爱美家, 003041, 0, 一带一路, 0
中农联合, 003042, 0, 供销社, 1
中农联合, 003042, 0, 乡村振兴, 0
中农联合, 003042, 0, 中俄贸易概念, 0
华亚智能, 003043, 0, 储能, 1
华亚智能, 003043, 0, 高铁, 1
华亚智能, 003043, 0, 光刻机, 1
华亚智能, 003043, 0, 集成电路概念, 1
华亚智能, 003043, 0, 深股通, 1
华亚智能, 003043, 0, 医疗器械概念, 0
华亚智能, 003043, 0, 智能制造, 1
中国广核, 003816, 0, 国企改革, 0
中国广核, 003816, 0, 核电, 0
中国广核, 003816, 0, 绿色电力, 0
中国广核, 003816, 0, 融资融券, 1
中国广核, 003816, 0, 深股通, 1
中国广核, 003816, 0, 同花顺中特估100, 0
中国广核, 003816, 0, 央企国企改革, 0
中国广核, 003816, 0, 一带一路, 0
中国广核, 003816, 0, 中字头股票, 0
神州泰岳, 300002, 20, 边缘计算, 1
神州泰岳, 300002, 20, 创投, 1
神州泰岳, 300002, 20, 大数据, 1
神州泰岳, 300002, 20, 电力物联网, 1
神州泰岳, 300002, 20, 工业互联网, 1
神州泰岳, 300002, 20, 华为概念, 1
神州泰岳, 300002, 20, 机器人概念, 1
神州泰岳, 300002, 20, 区块链, 1
神州泰岳, 300002, 20, 人工智能, 1
神州泰岳, 300002, 20, 人脸识别, 1
神州泰岳, 300002, 20, 数字经济, 1
神州泰岳, 300002, 20, 数字孪生, 1
神州泰岳, 300002, 20, 网络游戏, 1
神州泰岳, 300002, 20, 物联网, 1
神州泰岳, 300002, 20, 乡村振兴, 0
神州泰岳, 300002, 20, 信创, 1
神州泰岳, 300002, 20, 网络安全, 1
神州泰岳, 300002, 20, 在线教育, 1
神州泰岳, 300002, 20, 智慧城市, 1
神州泰岳, 300002, 20, 智慧政务, 1
神州泰岳, 300002, 20, 智能电网, 1
神州泰岳, 300002, 20, 职业教育, 1
神州泰岳, 300002, 20, 5G, 1
乐普医疗, 300003, 0, 参股保险, 0
乐普医疗, 300003, 0, 仿制药一致性评价, 0
乐普医疗, 300003, 0, 分拆上市意愿, 0
乐普医疗, 300003, 0, 肝炎概念, 0
乐普医疗, 300003, 0, 互联网医疗, 1
乐普医疗, 300003, 0, 猴痘概念, 0
乐普医疗, 300003, 0, 减肥药, 1
乐普医疗, 300003, 0, 健康中国, 0
乐普医疗, 300003, 0, 抗原检测, 0
乐普医疗, 300003, 0, MSCI概念, 0
乐普医疗, 300003, 0, 融资融券, 1
乐普医疗, 300003, 0, 深股通, 1
乐普医疗, 300003, 0, 生物医药, 1
乐普医疗, 300003, 0, 医疗器械概念, 0
乐普医疗, 300003, 0, 医药电商, 0
乐普医疗, 300003, 0, 智能医疗, 1
南风股份, 300004, 0, 核电, 0
南风股份, 300004, 0, PM2.5, 1
南风股份, 300004, 0, 3D打印, 1
探路者, 300005, 0, 冰雪产业, 1
探路者, 300005, 0, 电子商务, 0
探路者, 300005, 0, 露营经济, 1
探路者, 300005, 0, MiniLED, 1
探路者, 300005, 0, 深股通, 1
探路者, 300005, 0, 体育产业, 0
探路者, 300005, 0, 网络直播, 0
探路者, 300005, 0, 新零售, 0
探路者, 300005, 0, 芯片概念, 1
探路者, 300005, 0, 旅游概念, 0
探路者, 300005, 0, 智能穿戴, 1
探路者, 300005, 0, 足球概念, 0
莱美药业, 300006, 20, 仿制药一致性评价, 0
莱美药业, 300006, 20, 辅助生殖, 0
莱美药业, 300006, 20, 肝炎概念, 0
莱美药业, 300006, 20, 股权转让, 1
莱美药业, 300006, 20, 国企改革, 0
莱美药业, 300006, 20, 互联网医疗, 1
莱美药业, 300006, 20, 融资融券, 1
莱美药业, 300006, 20, 生物医药, 1
莱美药业, 300006, 20, 眼科医疗, 0
莱美药业, 300006, 20, 幽门螺杆菌概念, 0
莱美药业, 300006, 20, 知识产权保护, 1
汉威科技, 300007, 0, 传感器, 1
汉威科技, 300007, 0, 创投, 1
汉威科技, 300007, 0, 独角兽概念, 1
汉威科技, 300007, 0, 工业互联网, 1
汉威科技, 300007, 0, 互联网金融, 1
汉威科技, 300007, 0, 互联网医疗, 1
汉威科技, 300007, 0, 华为概念, 1
汉威科技, 300007, 0, 机器人概念, 1
汉威科技, 300007, 0, 汽车电子, 1
汉威科技, 300007, 0, 氢能源, 0
汉威科技, 300007, 0, 区块链, 1
汉威科技, 300007, 0, 深股通, 1
汉威科技, 300007, 0, 数字孪生, 1
汉威科技, 300007, 0, 碳中和, 1
汉威科技, 300007, 0, 物联网, 1
汉威科技, 300007, 0, 无线耳机, 1
汉威科技, 300007, 0, 小米概念, 1
汉威科技, 300007, 0, 新能源汽车, 1
汉威科技, 300007, 0, 芯片概念, 1
汉威科技, 300007, 0, 元宇宙, 1
汉威科技, 300007, 0, 智慧城市, 1
汉威科技, 300007, 0, 智能穿戴, 1
汉威科技, 300007, 0, 智能家居, 1
汉威科技, 300007, 0, 专精特新, 1
米奥会展, 300795, 0, 大数据, 1
米奥会展, 300795, 0, 电子商务, 0
米奥会展, 300795, 0, 送转填权, 0
贝斯美, 300796, 0, 共同富裕示范区, 1
贝斯美, 300796, 0, 新材料概念, 1
钢研纳克, 300797, 0, 大飞机, 1
钢研纳克, 300797, 0, 光刻胶, 1
钢研纳克, 300797, 0, 国企改革, 0
钢研纳克, 300797, 0, 送转填权, 0
钢研纳克, 300797, 0, 新能源汽车, 1
钢研纳克, 300797, 0, 稀土永磁, 1
钢研纳克, 300797, 0, 央企国企改革, 0
钢研纳克, 300797, 0, 一带一路, 0
钢研纳克, 300797, 0, 职业教育, 1
锦鸡股份, 300798, 0, 东数西算（算力）, 1
锦鸡股份, 300798, 0, 算力租赁, 1
力合科技, 300800, 20, 大数据, 1
力合科技, 300800, 20, 国产软件, 1
力合科技, 300800, 20, 华为概念, 1
力合科技, 300800, 20, PM2.5, 1
力合科技, 300800, 20, 人工智能, 1
力合科技, 300800, 20, 碳中和, 1
力合科技, 300800, 20, 污水处理, 0
力合科技, 300800, 20, 雄安新区, 1
力合科技, 300800, 20, 专精特新, 1
泰和科技, 300801, 0, 锂电池, 1
泰和科技, 300801, 0, 净水概念, 0
泰和科技, 300801, 0, 磷化工, 0
泰和科技, 300801, 0, 氢能源, 0
泰和科技, 300801, 0, 深股通, 1
泰和科技, 300801, 0, 污水处理, 0
矩子科技, 300802, 20, 比亚迪概念, 1
矩子科技, 300802, 20, 创投, 1
矩子科技, 300802, 20, 高端装备, 1
矩子科技, 300802, 20, 光伏概念, 1
矩子科技, 300802, 20, 华为概念, 1
矩子科技, 300802, 20, 机器人概念, 1
矩子科技, 300802, 20, 机器视觉, 1
矩子科技, 300802, 20, MiniLED, 1
矩子科技, 300802, 20, 苹果概念, 1
矩子科技, 300802, 20, 人工智能, 1
矩子科技, 300802, 20, 特斯拉, 1
矩子科技, 300802, 20, 先进封装, 1
矩子科技, 300802, 20, 小米概念, 1
矩子科技, 300802, 20, 芯片概念, 1
矩子科技, 300802, 20, 智能制造, 1
指南针, 300803, 0, 参股券商, 0
指南针, 300803, 0, 大数据, 1
指南针, 300803, 0, 国产软件, 1
指南针, 300803, 0, 互联网金融, 1
广康生化, 300804, 20, 新股与次新股, 1
广康生化, 300804, 20, 注册制次新股, 1
电声股份, 300805, 0, 阿里巴巴概念, 1
电声股份, 300805, 0, 华为概念, 1
电声股份, 300805, 0, 网络直播, 0
电声股份, 300805, 0, 虚拟现实, 1
斯迪克, 300806, 0, 富士康概念, 1
斯迪克, 300806, 0, 华为概念, 1
斯迪克, 300806, 0, 特斯拉, 1
斯迪克, 300806, 0, 无线耳机, 1
斯迪克, 300806, 0, 消费电子概念, 1
斯迪克, 300806, 0, 新材料概念, 1
斯迪克, 300806, 0, 专精特新, 1
天迈科技, 300807, 0, 百度概念, 1
天迈科技, 300807, 0, 比亚迪概念, 1
天迈科技, 300807, 0, 车联网, 1
天迈科技, 300807, 0, 充电桩, 1
天迈科技, 300807, 0, 大数据, 1
天迈科技, 300807, 0, 东数西算（算力）, 1
天迈科技, 300807, 0, 华为概念, 1
天迈科技, 300807, 0, 冷链物流, 0
天迈科技, 300807, 0, 人工智能, 1
天迈科技, 300807, 0, 人脸识别, 1
天迈科技, 300807, 0, 数据要素, 1
天迈科技, 300807, 0, 数据中心, 1
天迈科技, 300807, 0, 数字乡村, 1
天迈科技, 300807, 0, 网约车, 2
天迈科技, 300807, 0, 卫星导航, 1
天迈科技, 300807, 0, 物联网, 1
天迈科技, 300807, 0, 无人驾驶, 1
天迈科技, 300807, 0, 乡村振兴, 0
天迈科技, 300807, 0, 新能源汽车, 1
天迈科技, 300807, 0, 移动支付, 1
天迈科技, 300807, 0, 云计算, 1
天迈科技, 300807, 0, 智能交通, 1
天迈科技, 300807, 0, 智能座舱, 1
久量股份, 300808, 0, 节能照明, 1
久量股份, 300808, 0, 露营经济, 1
久量股份, 300808, 0, 一带一路, 0
华辰装备, 300809, 20, 高端装备, 1
华辰装备, 300809, 20, 工业4.0, 1
华辰装备, 300809, 20, 工业母机, 2
华辰装备, 300809, 20, 深股通, 1
华辰装备, 300809, 20, 新型工业化, 2
华辰装备, 300809, 20, 一带一路, 0
华辰装备, 300809, 20, 智能制造, 1
华辰装备, 300809, 20, 专精特新, 1
中科海讯, 300810, 0, 军工, 1
中科海讯, 300810, 0, 海工装备, 1
中科海讯, 300810, 0, 机器人概念, 1
中科海讯, 300810, 0, 芯片概念, 1
中科海讯, 300810, 0, 专精特新, 1
铂科新材, 300811, 0, 比亚迪概念, 1
铂科新材, 300811, 0, 华为概念, 1
铂科新材, 300811, 0, 送转填权, 0
铂科新材, 300811, 0, 新材料概念, 1
铂科新材, 300811, 0, 新能源汽车, 1
铂科新材, 300811, 0, 芯片概念, 1
铂科新材, 300811, 0, 英伟达概念, 1
铂科新材, 300811, 0, 专精特新, 1
易天股份, 300812, 60, 共封装光学（CPO）, 1
易天股份, 300812, 60, 工业4.0, 1
易天股份, 300812, 60, 工业母机, 2
易天股份, 300812, 60, 华为概念, 1
易天股份, 300812, 60, MiniLED, 1
易天股份, 300812, 60, OLED, 1
易天股份, 300812, 60, 柔性屏, 1
易天股份, 300812, 60, 先进封装, 1
易天股份, 300812, 60, 消费电子概念, 1
易天股份, 300812, 60, 芯片概念, 1
易天股份, 300812, 60, 智能制造, 1
易天股份, 300812, 60, 专精特新, 1
泰林生物, 300813, 0, 共同富裕示范区, 1
泰林生物, 300813, 0, 机器人概念, 1
泰林生物, 300813, 0, 抗原检测, 0
泰林生物, 300813, 0, 细胞免疫治疗, 1
泰林生物, 300813, 0, 医疗器械概念, 0
中富电路, 300814, 0, 毫米波雷达, 1
中富电路, 300814, 0, 华为概念, 1
中富电路, 300814, 0, 华为汽车, 1
中富电路, 300814, 0, PCB概念, 1
中富电路, 300814, 0, 汽车电子, 1
中富电路, 300814, 0, 先进封装, 1
中富电路, 300814, 0, 新能源汽车, 1
中富电路, 300814, 0, 一带一路, 0
中富电路, 300814, 0, 5G, 1
玉禾田, 300815, 0, 机器人概念, 1
玉禾田, 300815, 0, 垃圾分类, 1
玉禾田, 300815, 0, PPP概念, 1
玉禾田, 300815, 0, 深股通, 1
玉禾田, 300815, 0, 数字乡村, 1
玉禾田, 300815, 0, 无人驾驶, 1
玉禾田, 300815, 0, 物业管理, 0
玉禾田, 300815, 0, 新型城镇化, 1
玉禾田, 300815, 0, 医疗废物处理, 0
艾可蓝, 300816, 0, 节能环保, 1
艾可蓝, 300816, 0, 专精特新, 1
双飞集团, 300817, 0, 长三角一体化, 0
双飞集团, 300817, 0, 风电, 0
双飞集团, 300817, 0, 军工, 1
双飞集团, 300817, 0, 减速器, 2
双飞集团, 300817, 0, 机器人概念, 1
双飞集团, 300817, 0, 特斯拉, 1
双飞集团, 300817, 0, 新能源汽车, 1
双飞集团, 300817, 0, 专精特新, 1
聚杰微纤, 300819, 0, 体育产业, 0
英杰电气, 300820, 20, 充电桩, 1
英杰电气, 300820, 20, 储能, 1
英杰电气, 300820, 20, 光伏概念, 1
英杰电气, 300820, 20, 送转填权, 0
英杰电气, 300820, 20, 专精特新, 1
东岳硅材, 300821, 0, 硅能源, 1
东岳硅材, 300821, 0, 燃料电池, 1
东岳硅材, 300821, 0, 深股通, 1
东岳硅材, 300821, 0, 新材料概念, 1
东岳硅材, 300821, 0, 有机硅概念, 1
贝仕达克, 300822, 0, 锂电池, 1
贝仕达克, 300822, 0, 机器人概念, 1
贝仕达克, 300822, 0, 机器视觉, 1
贝仕达克, 300822, 0, 人工智能, 1
贝仕达克, 300822, 0, 智能家居, 1
建科智能, 300823, 20, 高端装备, 1
建科智能, 300823, 20, 高铁, 1
建科智能, 300823, 20, 核电, 0
建科智能, 300823, 20, 机器人概念, 1
建科智能, 300823, 20, 雄安新区, 1
建科智能, 300823, 20, 新型城镇化, 1
建科智能, 300823, 20, 新型工业化, 2
建科智能, 300823, 20, 一带一路, 0
建科智能, 300823, 20, 中俄贸易概念, 0
建科智能, 300823, 20, 专精特新, 1
建科智能, 300823, 20, 装配式建筑, 0
北鼎股份, 300824, 0, 电子商务, 0
北鼎股份, 300824, 0, 家用电器, 0
北鼎股份, 300824, 0, 健康中国, 0
北鼎股份, 300824, 0, 网红经济, 1
北鼎股份, 300824, 0, 芯片概念, 1
阿尔特, 300825, 0, 比亚迪概念, 1
阿尔特, 300825, 0, 宁德时代概念, 1
阿尔特, 300825, 0, 充电桩, 1
阿尔特, 300825, 0, 东数西算（算力）, 1
阿尔特, 300825, 0, 换电概念, 1
阿尔特, 300825, 0, 减速器, 2
阿尔特, 300825, 0, 燃料电池, 1
阿尔特, 300825, 0, 人工智能, 1
阿尔特, 300825, 0, 算力租赁, 1
阿尔特, 300825, 0, 无人驾驶, 1
阿尔特, 300825, 0, 新能源汽车, 1
阿尔特, 300825, 0, 新型工业化, 2
阿尔特, 300825, 0, 英伟达概念, 1
阿尔特, 300825, 0, 一体化压铸, 1
阿尔特, 300825, 0, 智能座舱, 1
测绘股份, 300826, 0, 地下管网, 1
测绘股份, 300826, 0, 东数西算（算力）, 1
测绘股份, 300826, 0, 国产软件, 1
测绘股份, 300826, 0, 鸿蒙概念, 1
测绘股份, 300826, 0, 华为概念, 1
测绘股份, 300826, 0, 空间计算, 1
测绘股份, 300826, 0, 数据要素, 1
测绘股份, 300826, 0, 数字孪生, 1
测绘股份, 300826, 0, 碳中和, 1
测绘股份, 300826, 0, 土壤修复, 0
测绘股份, 300826, 0, 卫星导航, 1
测绘股份, 300826, 0, 新型城镇化, 1
测绘股份, 300826, 0, 元宇宙, 1
测绘股份, 300826, 0, 智慧城市, 1
上能电气, 300827, 0, 储能, 1
上能电气, 300827, 0, 光伏概念, 1
上能电气, 300827, 0, 一带一路, 0
上能电气, 300827, 0, 智能电网, 1
上能电气, 300827, 0, 专精特新, 1
锐新科技, 300828, 0, 储能, 1
锐新科技, 300828, 0, 光伏概念, 1
锐新科技, 300828, 0, 机器人概念, 1
锐新科技, 300828, 0, 新能源汽车, 1
锐新科技, 300828, 0, 医疗器械概念, 0
锐新科技, 300828, 0, 5G, 1
金丹科技, 300829, 0, 参股银行, 0
金丹科技, 300829, 0, 可降解塑料, 0
金丹科技, 300829, 0, 农业种植, 0
金丹科技, 300829, 0, 乡村振兴, 0
金丹科技, 300829, 0, 新材料概念, 1
金现代, 300830, 20, 百度概念, 1
金现代, 300830, 20, 充电桩, 1
金现代, 300830, 20, 大数据, 1
金现代, 300830, 20, 电力物联网, 1
金现代, 300830, 20, 风电, 0
金现代, 300830, 20, 工业互联网, 1
金现代, 300830, 20, 国产软件, 1
金现代, 300830, 20, 军工, 1
金现代, 300830, 20, 鸿蒙概念, 1
金现代, 300830, 20, 华为概念, 1
金现代, 300830, 20, 华为鲲鹏, 1
金现代, 300830, 20, 人工智能, 1
金现代, 300830, 20, 数字经济, 1
金现代, 300830, 20, 特高压, 1
金现代, 300830, 20, 信创, 1
金现代, 300830, 20, 新型工业化, 2
金现代, 300830, 20, 智能电网, 1
金现代, 300830, 20, 职业教育, 1
派瑞股份, 300831, 0, 第三代半导体, 1
派瑞股份, 300831, 0, 国企改革, 0
派瑞股份, 300831, 0, 柔性直流输电, 0
派瑞股份, 300831, 0, 特高压, 1
派瑞股份, 300831, 0, 芯片概念, 1
新产业, 300832, 0, 肝炎概念, 0
新产业, 300832, 0, 猴痘概念, 0
新产业, 300832, 0, 抗原检测, 0
新产业, 300832, 0, 流感, 0
新产业, 300832, 0, 融资融券, 1
新产业, 300832, 0, 深股通, 1
新产业, 300832, 0, 医疗器械概念, 0
浩洋股份, 300833, 0, 文化传媒, 1
浩洋股份, 300833, 0, 专精特新, 1
星辉环材, 300834, 0, 新材料概念, 1
龙磁科技, 300835, 0, 光伏概念, 1
龙磁科技, 300835, 0, 消费电子概念, 1
龙磁科技, 300835, 0, 新材料概念, 1
龙磁科技, 300835, 0, 新能源汽车, 1
龙磁科技, 300835, 0, 稀土永磁, 1
龙磁科技, 300835, 0, 专精特新, 1
佰奥智能, 300836, 0, 充电桩, 1
佰奥智能, 300836, 0, 工业4.0, 1
佰奥智能, 300836, 0, 工业互联网, 1
佰奥智能, 300836, 0, 机器人概念, 1
佰奥智能, 300836, 0, 机器视觉, 1
佰奥智能, 300836, 0, 民爆概念, 0
佰奥智能, 300836, 0, 苹果概念, 1
佰奥智能, 300836, 0, 数字经济, 1
佰奥智能, 300836, 0, 新能源汽车, 1
佰奥智能, 300836, 0, 新型工业化, 2
佰奥智能, 300836, 0, 智能制造, 1
浙矿股份, 300837, 0, 动力电池回收, 1
浙矿股份, 300837, 0, 共同富裕示范区, 1
浙江力诺, 300838, 0, 高端装备, 1
浙江力诺, 300838, 0, 工业4.0, 1
浙江力诺, 300838, 0, 中俄贸易概念, 0
浙江力诺, 300838, 0, 专精特新, 1
博汇股份, 300839, 0, 氢能源, 0
博汇股份, 300839, 0, 新材料概念, 1
博汇股份, 300839, 0, 智能制造, 1
博汇股份, 300839, 0, 专精特新, 1
酷特智能, 300840, 0, 工业互联网, 1
酷特智能, 300840, 0, 华为概念, 1
酷特智能, 300840, 0, 智能制造, 1
康华生物, 300841, 0, 融资融券, 1
康华生物, 300841, 0, 深股通, 1
康华生物, 300841, 0, 生物疫苗, 0
帝科股份, 300842, 0, 光伏概念, 1
帝科股份, 300842, 0, 融资融券, 1
帝科股份, 300842, 0, 深股通, 1
帝科股份, 300842, 0, 新材料概念, 1
帝科股份, 300842, 0, 芯片概念, 1
帝科股份, 300842, 0, 专精特新, 1
胜蓝股份, 300843, 0, 比亚迪概念, 1
胜蓝股份, 300843, 0, 充电桩, 1
胜蓝股份, 300843, 0, 高压快充, 1
胜蓝股份, 300843, 0, 消费电子概念, 1
胜蓝股份, 300843, 0, 小米概念, 1
胜蓝股份, 300843, 0, 新能源汽车, 1
胜蓝股份, 300843, 0, 新型烟草, 1
山水比德, 300844, 0, 恒大概念, 1
山水比德, 300844, 0, 雄安新区, 1
山水比德, 300844, 0, 乡村振兴, 0
山水比德, 300844, 0, 新型城镇化, 1
山水比德, 300844, 0, 元宇宙, 1
山水比德, 300844, 0, 粤港澳大湾区, 1
捷安高科, 300845, 0, 国产软件, 1
捷安高科, 300845, 0, 军工, 1
捷安高科, 300845, 0, 人工智能, 1
捷安高科, 300845, 0, 数字孪生, 1
捷安高科, 300845, 0, 虚拟现实, 1
捷安高科, 300845, 0, 一带一路, 0
捷安高科, 300845, 0, 职业教育, 1
中船科技, 600072, 0, 标普道琼斯A股, 0
中船科技, 600072, 0, 风电, 0
中船科技, 600072, 0, 高端装备, 1
中船科技, 600072, 0, 军工, 1
中船科技, 600072, 0, 海工装备, 1
中船科技, 600072, 0, 国产航母, 1
中船科技, 600072, 0, 沪股通, 0
中船科技, 600072, 0, PPP概念, 1
中船科技, 600072, 0, 同花顺中特估100, 0
中船科技, 600072, 0, 央企国企改革, 0
中船科技, 600072, 0, 智能制造, 1
中船科技, 600072, 0, 中字头股票, 0
光明肉业, 600073, 0, 标普道琼斯A股, 0
光明肉业, 600073, 0, 国企改革, 0
光明肉业, 600073, 0, 沪股通, 0
光明肉业, 600073, 0, 融资融券, 1
光明肉业, 600073, 0, 上海国企改革, 0
光明肉业, 600073, 0, 预制菜, 0
光明肉业, 600073, 0, 猪肉, 1
新疆天业, 600075, 0, 标普道琼斯A股, 0
新疆天业, 600075, 0, 国企改革, 0
新疆天业, 600075, 0, 沪股通, 0
新疆天业, 600075, 0, 可降解塑料, 0
新疆天业, 600075, 0, 生态农业, 1
新疆天业, 600075, 0, 煤化工, 0
新疆天业, 600075, 0, 新疆振兴, 0
新疆天业, 600075, 0, 一带一路, 0
康欣新材, 600076, 0, 工业4.0, 1
康欣新材, 600076, 0, 国企改革, 0
康欣新材, 600076, 0, 碳中和, 1
康欣新材, 600076, 0, 土地流转, 0
康欣新材, 600076, 0, 新材料概念, 1
人福医药, 600079, 0, 参股新三板, 1
人福医药, 600079, 0, 创新药, 0
人福医药, 600079, 0, 肝炎概念, 0
人福医药, 600079, 0, 沪股通, 0
人福医药, 600079, 0, 民营医院, 0
人福医药, 600079, 0, 生物疫苗, 0
人福医药, 600079, 0, 医疗器械概念, 0
金花股份, 600080, 20, 创新药, 0
金花股份, 600080, 20, 流感, 0
金花股份, 600080, 20, 生物医药, 1
金花股份, 600080, 20, 医疗器械概念, 0
东风科技, 600081, 20, 传感器, 1
东风科技, 600081, 20, 华为汽车, 1
东风科技, 600081, 20, 减速器, 2
东风科技, 600081, 20, 汽车电子, 1
东风科技, 600081, 20, 汽车热管理, 1
东风科技, 600081, 20, 氢能源, 0
东风科技, 600081, 20, 新能源汽车, 1
东风科技, 600081, 20, 央企国企改革, 0
海泰发展, 600082, 0, 创投, 1
海泰发展, 600082, 0, 国企改革, 0
海泰发展, 600082, 0, 京津冀一体化, 1
中信尼雅, 600084, 20, 白酒概念, 0
中信尼雅, 600084, 20, 沪股通, 0
中信尼雅, 600084, 20, 举牌, 0
中信尼雅, 600084, 20, 农业种植, 0
中信尼雅, 600084, 20, 乡村振兴, 0
中信尼雅, 600084, 20, 新疆振兴, 0
中信尼雅, 600084, 20, 央企国企改革, 0
中信尼雅, 600084, 20, 中字头股票, 0
同仁堂, 600085, 0, 标普道琼斯A股, 0
同仁堂, 600085, 0, 国企改革, 0
同仁堂, 600085, 0, 沪股通, 0
同仁堂, 600085, 0, 流感, 0
同仁堂, 600085, 0, MSCI概念, 0
同仁堂, 600085, 0, 融资融券, 1
同仁堂, 600085, 0, 证金持股, 0
中视传媒, 600088, 0, 超清视频, 1
中视传媒, 600088, 0, 文化传媒, 1
中视传媒, 600088, 0, 虚拟数字人, 1
中视传媒, 600088, 0, 央企国企改革, 0
中视传媒, 600088, 0, 中字头股票, 0
特变电工, 600089, 0, 标普道琼斯A股, 0
特变电工, 600089, 0, 超超临界发电, 0
特变电工, 600089, 0, 充电桩, 1
特变电工, 600089, 0, 储能, 1
特变电工, 600089, 0, 风电, 0
特变电工, 600089, 0, 工业4.0, 1
特变电工, 600089, 0, 光伏概念, 1
特变电工, 600089, 0, 硅能源, 1
特变电工, 600089, 0, 黄金概念, 0
特变电工, 600089, 0, 沪股通, 0
特变电工, 600089, 0, 绿色电力, 0
特变电工, 600089, 0, 煤炭概念, 0
特变电工, 600089, 0, MSCI概念, 0
特变电工, 600089, 0, 柔性直流输电, 0
特变电工, 600089, 0, 碳纤维, 1
特变电工, 600089, 0, 特高压, 1
特变电工, 600089, 0, 雄安新区, 1
特变电工, 600089, 0, 新疆振兴, 0
特变电工, 600089, 0, 一带一路, 0
特变电工, 600089, 0, 智能电网, 1
大名城, 600094, 0, 标普道琼斯A股, 0
大名城, 600094, 0, 参股保险, 0
大名城, 600094, 0, 参股券商, 0
大名城, 600094, 0, 沪股通, 0
湘财股份, 600095, 20, 参股券商, 0
湘财股份, 600095, 20, 参股银行, 0
湘财股份, 600095, 20, 创投, 1
湘财股份, 600095, 20, 黑龙江自贸区, 0
湘财股份, 600095, 20, 互联网金融, 1
湘财股份, 600095, 20, 沪股通, 0
湘财股份, 600095, 20, 金改, 1
湘财股份, 600095, 20, 生物医药, 1
云天化, 600096, 0, 锂电池, 1
云天化, 600096, 0, 氟化工概念, 1
云天化, 600096, 0, 国企改革, 0
云天化, 600096, 0, 化肥, 0
云天化, 600096, 0, 沪股通, 0
云天化, 600096, 0, 磷化工, 0
云天化, 600096, 0, 煤化工, 0
云天化, 600096, 0, 煤炭概念, 0
云天化, 600096, 0, MSCI概念, 0
云天化, 600096, 0, 碳中和, 1
云天化, 600096, 0, 乡村振兴, 0
开创国际, 600097, 0, 国企改革, 0
开创国际, 600097, 0, 预制菜, 0
广州发展, 600098, 0, 充电桩, 1
广州发展, 600098, 0, 抽水蓄能, 0
广州发展, 600098, 0, 风电, 0
广州发展, 600098, 0, 广东自贸区, 1
广州发展, 600098, 0, 光伏概念, 1
广州发展, 600098, 0, 国企改革, 0
广州发展, 600098, 0, 沪股通, 0
广州发展, 600098, 0, 天然气, 0
广州发展, 600098, 0, 粤港澳大湾区, 1
林海股份, 600099, 0, 国企改革, 0
林海股份, 600099, 0, 乡村振兴, 0
林海股份, 600099, 0, 央企国企改革, 0
林海股份, 600099, 0, 专精特新, 1
同方股份, 600100, 20, 安防, 1
同方股份, 600100, 20, 北交所概念, 1
同方股份, 600100, 20, 参股券商, 0
同方股份, 600100, 20, 参股新三板, 1
同方股份, 600100, 20, 创投, 1
同方股份, 600100, 20, 大数据, 1
同方股份, 600100, 20, 东数西算（算力）, 1
同方股份, 600100, 20, 工业互联网, 1
同方股份, 600100, 20, 国产操作系统, 1
同方股份, 600100, 20, 军工, 1
同方股份, 600100, 20, 国资云, 1
同方股份, 600100, 20, 华为概念, 1
同方股份, 600100, 20, 华为鲲鹏, 1
同方股份, 600100, 20, 互联网保险, 0
同方股份, 600100, 20, 节能照明, 1
同方股份, 600100, 20, 机器人概念, 1
同方股份, 600100, 20, 机器视觉, 1
同方股份, 600100, 20, 区块链, 1
同方股份, 600100, 20, 人工智能, 1
同方股份, 600100, 20, 数据要素, 1
同方股份, 600100, 20, 数字经济, 1
同方股份, 600100, 20, 算力租赁, 1
同方股份, 600100, 20, 太赫兹, 1
同方股份, 600100, 20, 土壤修复, 0
同方股份, 600100, 20, 物联网, 1
同方股份, 600100, 20, 消费电子概念, 1
同方股份, 600100, 20, 信创, 1
同方股份, 600100, 20, 网络安全, 1
同方股份, 600100, 20, 养老概念, 1
同方股份, 600100, 20, 央企国企改革, 0
同方股份, 600100, 20, 液冷服务器, 1
同方股份, 600100, 20, 移动支付, 1
同方股份, 600100, 20, 云计算, 1
同方股份, 600100, 20, 在线教育, 1
同方股份, 600100, 20, 智慧城市, 1
同方股份, 600100, 20, 智能家居, 1
明星电力, 600101, 0, 充电桩, 1
明星电力, 600101, 0, 国企改革, 0
明星电力, 600101, 0, 绿色电力, 0
明星电力, 600101, 0, 天然气, 0
明星电力, 600101, 0, 小金属概念, 0
明星电力, 600101, 0, 央企国企改革, 0
青山纸业, 600103, 0, 参股新三板, 1
青山纸业, 600103, 0, 国企改革, 0
青山纸业, 600103, 0, 海峡两岸, 1
青山纸业, 600103, 0, 沪股通, 0
青山纸业, 600103, 0, 一带一路, 0
青山纸业, 600103, 0, 5G, 1
上汽集团, 600104, 20, 标普道琼斯A股, 0
上汽集团, 600104, 20, 宁德时代概念, 1
上汽集团, 600104, 20, 参股银行, 0
上汽集团, 600104, 20, 超级品牌, 0
上汽集团, 600104, 20, 独角兽概念, 1
上汽集团, 600104, 20, 分拆上市意愿, 0
上汽集团, 600104, 20, 国企改革, 0
上汽集团, 600104, 20, 固态电池, 1
上汽集团, 600104, 20, 换电概念, 1
上汽集团, 600104, 20, 华为概念, 1
上汽集团, 600104, 20, 华为汽车, 1
上汽集团, 600104, 20, 沪股通, 0
上汽集团, 600104, 20, MSCI概念, 0
上汽集团, 600104, 20, 燃料电池, 1
上汽集团, 600104, 20, 上海国企改革, 0
上汽集团, 600104, 20, 同花顺漂亮100, 0
上汽集团, 600104, 20, 无人驾驶, 1
上汽集团, 600104, 20, 新能源汽车, 1
上汽集团, 600104, 20, 一带一路, 0
上汽集团, 600104, 20, 证金持股, 0
永鼎股份, 600105, 60, 比亚迪概念, 1
永鼎股份, 600105, 60, 参股银行, 0
永鼎股份, 600105, 60, 长三角一体化, 0
永鼎股份, 600105, 60, 超导概念, 1
永鼎股份, 600105, 60, 大数据, 1
永鼎股份, 600105, 60, 风电, 0
永鼎股份, 600105, 60, 共封装光学（CPO）, 1
永鼎股份, 600105, 60, 工业互联网, 1
永鼎股份, 600105, 60, 核电, 0
永鼎股份, 600105, 60, 华为概念, 1
永鼎股份, 600105, 60, 华为汽车, 1
永鼎股份, 600105, 60, 新能源汽车, 1
永鼎股份, 600105, 60, 芯片概念, 1
永鼎股份, 600105, 60, 网络安全, 1
永鼎股份, 600105, 60, 一带一路, 0
永鼎股份, 600105, 60, 专精特新, 1
永鼎股份, 600105, 60, 5G, 1
重庆路桥, 600106, 20, 参股券商, 0
重庆路桥, 600106, 20, 参股银行, 0
重庆路桥, 600106, 20, 创投, 1
重庆路桥, 600106, 20, 沪股通, 0
重庆路桥, 600106, 20, 金改, 1
重庆路桥, 600106, 20, PPP概念, 1
重庆路桥, 600106, 20, 智慧城市, 1
ST尔雅, 600107, 0, 壳资源, 0
ST尔雅, 600107, 0, 期货概念, 0
ST尔雅, 600107, 0, 天然气, 0
ST尔雅, 600107, 0, 医药电商, 0
亚盛集团, 600108, 0, 参股券商, 0
亚盛集团, 600108, 0, 国企改革, 0
亚盛集团, 600108, 0, 沪股通, 0
亚盛集团, 600108, 0, 农业种植, 0
亚盛集团, 600108, 0, 融资融券, 1
亚盛集团, 600108, 0, 土地流转, 0
亚盛集团, 600108, 0, 乡村振兴, 0
国金证券, 600109, 20, 标普道琼斯A股, 0
国金证券, 600109, 20, 互联网金融, 1
国金证券, 600109, 20, MSCI概念, 0
国金证券, 600109, 20, 期货概念, 0
国金证券, 600109, 20, 腾讯概念, 1
诺德股份, 600110, 0, 比亚迪概念, 1
诺德股份, 600110, 0, 宁德时代概念, 1
诺德股份, 600110, 0, 锂电池, 1
诺德股份, 600110, 0, 光伏概念, 1
诺德股份, 600110, 0, 核电, 0
诺德股份, 600110, 0, 沪股通, 0
诺德股份, 600110, 0, MSCI概念, 0
诺德股份, 600110, 0, PET铜箔, 1
诺德股份, 600110, 0, 特斯拉, 1
诺德股份, 600110, 0, 新能源汽车, 1
北方稀土, 600111, 0, 标普道琼斯A股, 0
北方稀土, 600111, 0, 沪股通, 0
北方稀土, 600111, 0, MSCI概念, 0
北方稀土, 600111, 0, 氢能源, 0
北方稀土, 600111, 0, 同花顺漂亮100, 0
北方稀土, 600111, 0, 小金属概念, 0
北方稀土, 600111, 0, 新材料概念, 1
北方稀土, 600111, 0, 稀缺资源, 0
北方稀土, 600111, 0, 稀土永磁, 1
浙江东日, 600113, 20, 参股银行, 0
浙江东日, 600113, 20, 长三角一体化, 0
浙江东日, 600113, 20, 共同富裕示范区, 1
浙江东日, 600113, 20, 国企改革, 0
浙江东日, 600113, 20, 杭州亚运会, 1
浙江东日, 600113, 20, 冷链物流, 0
浙江东日, 600113, 20, 融资融券, 1
浙江东日, 600113, 20, 统一大市场, 0
浙江东日, 600113, 20, 预制菜, 0
浙江东日, 600113, 20, 中俄贸易概念, 0
东睦股份, 600114, 0, 华为概念, 1
东睦股份, 600114, 0, 机器人概念, 1
东睦股份, 600114, 0, 苹果概念, 1
东睦股份, 600114, 0, 燃料电池, 1
东睦股份, 600114, 0, 柔性屏, 1
东睦股份, 600114, 0, 特斯拉, 1
东睦股份, 600114, 0, 消费电子概念, 1
东睦股份, 600114, 0, 小米概念, 1
东睦股份, 600114, 0, 新材料概念, 1
东睦股份, 600114, 0, 新能源汽车, 1
东睦股份, 600114, 0, 3D打印, 1
中国东航, 600115, 0, 标普道琼斯A股, 0
中国东航, 600115, 0, 电子商务, 0
中国东航, 600115, 0, 国企改革, 0
中国东航, 600115, 0, 沪股通, 0
中国东航, 600115, 0, 跨境电商, 0
中国东航, 600115, 0, MSCI概念, 0
中国东航, 600115, 0, 融资融券, 1
中国东航, 600115, 0, 同花顺中特估100, 0
中国东航, 600115, 0, 央企国企改革, 0
中国东航, 600115, 0, 中字头股票, 0
中国东航, 600115, 0, 证金持股, 0
中国东航, 600115, 0, 3D打印, 1
三峡水利, 600116, 20, 标普道琼斯A股, 0
三峡水利, 600116, 20, 光伏概念, 1
三峡水利, 600116, 20, 沪股通, 0
三峡水利, 600116, 20, 节能环保, 1
三峡水利, 600116, 20, 绿色电力, 0
三峡水利, 600116, 20, 融资融券, 1
三峡水利, 600116, 20, 小金属概念, 0
三峡水利, 600116, 20, 央企国企改革, 0
西宁特钢, 600117, 0, 军工, 1
西宁特钢, 600117, 0, 国企改革, 0
西宁特钢, 600117, 0, ST板块, 0
西宁特钢, 600117, 0, 特钢概念, 0
中国卫星, 600118, 0, 标普道琼斯A股, 0
中国卫星, 600118, 0, 大飞机, 1
中国卫星, 600118, 0, 高端装备, 1
中国卫星, 600118, 0, 军工, 1
中国卫星, 600118, 0, 国产航母, 1
中国卫星, 600118, 0, 沪股通, 0
中国卫星, 600118, 0, 军民融合, 1
中国卫星, 600118, 0, MSCI概念, 0
中国卫星, 600118, 0, 卫星导航, 1
中国卫星, 600118, 0, 无人机, 1
中国卫星, 600118, 0, 芯片概念, 1
中国卫星, 600118, 0, 央企国企改革, 0
中国卫星, 600118, 0, 一带一路, 0
中国卫星, 600118, 0, 中字头股票, 0
中国卫星, 600118, 0, 6G概念, 1
长江投资, 600119, 0, 长三角一体化, 0
长江投资, 600119, 0, 电子商务, 0
长江投资, 600119, 0, 国企改革, 0
长江投资, 600119, 0, 金改, 1
长江投资, 600119, 0, 跨境电商, 0
长江投资, 600119, 0, 上海国企改革, 0
长江投资, 600119, 0, 统一大市场, 0
长江投资, 600119, 0, 物业管理, 0
长江投资, 600119, 0, 自由贸易港, 0
浙江东方, 600120, 0, 标普道琼斯A股, 0
浙江东方, 600120, 0, 参股保险, 0
浙江东方, 600120, 0, 参股券商, 0
浙江东方, 600120, 0, 创投, 1
浙江东方, 600120, 0, 电子商务, 0
浙江东方, 600120, 0, 共同富裕示范区, 1
浙江东方, 600120, 0, 供应链金融, 0
浙江东方, 600120, 0, 国企改革, 0
浙江东方, 600120, 0, 沪股通, 0
浙江东方, 600120, 0, 金改, 1
浙江东方, 600120, 0, 期货概念, 0
浙江东方, 600120, 0, 融资融券, 1
浙江东方, 600120, 0, 证金持股, 0
郑州煤电, 600121, 20, 安防, 1
郑州煤电, 600121, 20, 国企改革, 0
郑州煤电, 600121, 20, 沪股通, 0
郑州煤电, 600121, 20, 煤炭概念, 0
郑州煤电, 600121, 20, 融资融券, 1
兰花科创, 600123, 0, 标普道琼斯A股, 0
兰花科创, 600123, 0, 国企改革, 0
兰花科创, 600123, 0, 沪股通, 0
兰花科创, 600123, 0, 煤化工, 0
兰花科创, 600123, 0, 煤炭概念, 0
兰花科创, 600123, 0, 融资融券, 1
铁龙物流, 600125, 0, 标普道琼斯A股, 0
铁龙物流, 600125, 0, 国企改革, 0
铁龙物流, 600125, 0, 沪股通, 0
铁龙物流, 600125, 0, 冷链物流, 0
铁龙物流, 600125, 0, 碳中和, 1
铁龙物流, 600125, 0, 统一大市场, 0
铁龙物流, 600125, 0, 央企国企改革, 0
铁龙物流, 600125, 0, 一带一路, 0
杭钢股份, 600126, 60, 阿里巴巴概念, 1
杭钢股份, 600126, 60, 国企改革, 0
杭钢股份, 600126, 60, 杭州亚运会, 1
杭钢股份, 600126, 60, 沪股通, 0
杭钢股份, 600126, 60, 节能环保, 1
杭钢股份, 600126, 60, 数据中心, 1
杭钢股份, 600126, 60, 特钢概念, 0
杭钢股份, 600126, 60, 污水处理, 0
杭钢股份, 600126, 60, 云计算, 1
杭钢股份, 600126, 60, 智慧城市, 1
金健米业, 600127, 0, 电子商务, 0
金健米业, 600127, 0, 国企改革, 0
金健米业, 600127, 0, 沪股通, 0
金健米业, 600127, 0, 融资融券, 1
金健米业, 600127, 0, 乳业, 1
金健米业, 600127, 0, 乡村振兴, 0
金健米业, 600127, 0, 新零售, 0
金健米业, 600127, 0, 预制菜, 0
苏豪弘业, 600128, 0, 创投, 1
苏豪弘业, 600128, 0, 国企改革, 0
苏豪弘业, 600128, 0, 跨境电商, 0
苏豪弘业, 600128, 0, 期货概念, 0
苏豪弘业, 600128, 0, 知识产权保护, 1
太极集团, 600129, 0, 国企改革, 0
太极集团, 600129, 0, 沪股通, 0
太极集团, 600129, 0, 健康中国, 0
太极集团, 600129, 0, 流感, 0
太极集团, 600129, 0, 融资融券, 1
太极集团, 600129, 0, 养老概念, 1
太极集团, 600129, 0, 央企国企改革, 0
*ST波导, 600130, 0, 壳资源, 0
*ST波导, 600130, 0, 汽车电子, 1
*ST波导, 600130, 0, 消费电子概念, 1
国网信通, 600131, 0, 储能, 1
国网信通, 600131, 0, 电力物联网, 1
国网信通, 600131, 0, 东数西算（算力）, 1
国网信通, 600131, 0, 国产软件, 1
国网信通, 600131, 0, 沪股通, 0
国网信通, 600131, 0, 数据中心, 1
国网信通, 600131, 0, 数字孪生, 1
国网信通, 600131, 0, 虚拟电厂, 1
国网信通, 600131, 0, 央企国企改革, 0
国网信通, 600131, 0, 智能电网, 1
重庆啤酒, 600132, 0, 标普道琼斯A股, 0
重庆啤酒, 600132, 0, 电子商务, 0
重庆啤酒, 600132, 0, 沪股通, 0
重庆啤酒, 600132, 0, MSCI概念, 0
重庆啤酒, 600132, 0, 啤酒概念, 0
东湖高新, 600133, 120, 参股新三板, 1
东湖高新, 600133, 120, 创投, 1
东湖高新, 600133, 120, 国企改革, 0
东湖高新, 600133, 120, 节能环保, 1
东湖高新, 600133, 120, PPP概念, 1
东湖高新, 600133, 120, 融资融券, 1
东湖高新, 600133, 120, 污水处理, 0
东湖高新, 600133, 120, 雄安新区, 1
乐凯胶片, 600135, 0, 锂电池, 1
乐凯胶片, 600135, 0, 光伏概念, 1
乐凯胶片, 600135, 0, 国企改革, 0
乐凯胶片, 600135, 0, 京津冀一体化, 1
乐凯胶片, 600135, 0, 雄安新区, 1
乐凯胶片, 600135, 0, 央企国企改革, 0
乐凯胶片, 600135, 0, 医疗器械概念, 0
中国高科, 600730, 0, 创投, 1
中国高科, 600730, 0, 机器人概念, 1
中国高科, 600730, 0, 物业管理, 0
中国高科, 600730, 0, 信创, 1
中国高科, 600730, 0, 在线教育, 1
中国高科, 600730, 0, 职业教育, 1
湖南海利, 600731, 0, 锂电池, 1
湖南海利, 600731, 0, 国企改革, 0
爱旭股份, 600732, 0, BC电池, 1
爱旭股份, 600732, 0, 光伏概念, 1
爱旭股份, 600732, 0, 壳资源, 0
北汽蓝谷, 600733, 0, 标普道琼斯A股, 0
北汽蓝谷, 600733, 0, 百度概念, 1
北汽蓝谷, 600733, 0, 动力电池回收, 1
北汽蓝谷, 600733, 0, 固态电池, 1
北汽蓝谷, 600733, 0, 换电概念, 1
北汽蓝谷, 600733, 0, 华为概念, 1
北汽蓝谷, 600733, 0, 华为汽车, 1
北汽蓝谷, 600733, 0, MSCI概念, 0
北汽蓝谷, 600733, 0, 汽车芯片, 1
北汽蓝谷, 600733, 0, 燃料电池, 1
北汽蓝谷, 600733, 0, 无人驾驶, 1
北汽蓝谷, 600733, 0, 星闪概念, 1
北汽蓝谷, 600733, 0, 新能源汽车, 1
北汽蓝谷, 600733, 0, 一体化压铸, 1
实达集团, 600734, 0, 安防, 1
实达集团, 600734, 0, 创投, 1
实达集团, 600734, 0, 大数据, 1
实达集团, 600734, 0, 国企改革, 0
实达集团, 600734, 0, 华为概念, 1
实达集团, 600734, 0, ST板块, 0
实达集团, 600734, 0, 文化传媒, 1
实达集团, 600734, 0, 物联网, 1
实达集团, 600734, 0, 智能穿戴, 1
实达集团, 600734, 0, 5G, 1
ST新华锦, 600735, 0, 三胎概念, 0
ST新华锦, 600735, 0, 跨境电商, 0
ST新华锦, 600735, 0, 养老概念, 1
ST新华锦, 600735, 0, 医疗器械概念, 0
ST新华锦, 600735, 0, 中俄贸易概念, 0
苏州高新, 600736, 0, 参股新三板, 1
苏州高新, 600736, 0, 参股银行, 0
苏州高新, 600736, 0, 长三角一体化, 0
苏州高新, 600736, 0, 创投, 1
苏州高新, 600736, 0, 地下管网, 1
苏州高新, 600736, 0, 光伏概念, 1
苏州高新, 600736, 0, 固废处理, 0
苏州高新, 600736, 0, 军工, 1
苏州高新, 600736, 0, 国企改革, 0
苏州高新, 600736, 0, 华为概念, 1
苏州高新, 600736, 0, 沪股通, 0
苏州高新, 600736, 0, 节能环保, 1
苏州高新, 600736, 0, 金改, 1
苏州高新, 600736, 0, 军民融合, 1
苏州高新, 600736, 0, 特色小镇, 1
苏州高新, 600736, 0, 污水处理, 0
苏州高新, 600736, 0, 乡村振兴, 0
苏州高新, 600736, 0, 芯片概念, 1
苏州高新, 600736, 0, 新型城镇化, 1
苏州高新, 600736, 0, 医疗器械概念, 0
苏州高新, 600736, 0, 证金持股, 0
中粮糖业, 600737, 0, 国企改革, 0
中粮糖业, 600737, 0, 沪股通, 0
中粮糖业, 600737, 0, 农业种植, 0
中粮糖业, 600737, 0, 融资融券, 1
中粮糖业, 600737, 0, 乡村振兴, 0
中粮糖业, 600737, 0, 新疆振兴, 0
中粮糖业, 600737, 0, 央企国企改革, 0
中粮糖业, 600737, 0, 中字头股票, 0
丽尚国潮, 600738, 0, 标普道琼斯A股, 0
丽尚国潮, 600738, 0, 参股银行, 0
丽尚国潮, 600738, 0, 电子商务, 0
丽尚国潮, 600738, 0, 抖音概念, 1
丽尚国潮, 600738, 0, 国企改革, 0
丽尚国潮, 600738, 0, 沪股通, 0
丽尚国潮, 600738, 0, 跨境电商, 0
丽尚国潮, 600738, 0, 新零售, 0
辽宁成大, 600739, 20, 标普道琼斯A股, 0
辽宁成大, 600739, 20, 参股保险, 0
辽宁成大, 600739, 20, 参股券商, 0
辽宁成大, 600739, 20, 参股新三板, 1
辽宁成大, 600739, 20, 创投, 1
辽宁成大, 600739, 20, 分拆上市意愿, 0
辽宁成大, 600739, 20, 国企改革, 0
辽宁成大, 600739, 20, 沪股通, 0
辽宁成大, 600739, 20, MSCI概念, 0
辽宁成大, 600739, 20, 生物疫苗, 0
辽宁成大, 600739, 20, 雄安新区, 1
辽宁成大, 600739, 20, 页岩气, 0
辽宁成大, 600739, 20, 职业教育, 1
山西焦化, 600740, 0, 国企改革, 0
山西焦化, 600740, 0, 沪股通, 0
山西焦化, 600740, 0, 煤化工, 0
山西焦化, 600740, 0, 煤炭概念, 0
山西焦化, 600740, 0, 融资融券, 1
华域汽车, 600741, 0, 标普道琼斯A股, 0
华域汽车, 600741, 0, 比亚迪概念, 1
华域汽车, 600741, 0, 参股券商, 0
华域汽车, 600741, 0, 国企改革, 0
华域汽车, 600741, 0, 毫米波雷达, 1
华域汽车, 600741, 0, 沪股通, 0
华域汽车, 600741, 0, MSCI概念, 0
华域汽车, 600741, 0, 汽车电子, 1
华域汽车, 600741, 0, 汽车热管理, 1
华域汽车, 600741, 0, 上海国企改革, 0
华域汽车, 600741, 0, 特斯拉, 1
华域汽车, 600741, 0, 小米概念, 1
华域汽车, 600741, 0, 新能源汽车, 1
华域汽车, 600741, 0, 证金持股, 0
富维股份, 600742, 0, 标普道琼斯A股, 0
富维股份, 600742, 0, 传感器, 1
富维股份, 600742, 0, 国企改革, 0
富维股份, 600742, 0, 沪股通, 0
富维股份, 600742, 0, 融资融券, 1
富维股份, 600742, 0, 小米概念, 1
富维股份, 600742, 0, 新能源汽车, 1
华远控股, 600743, 0, 智能家居, 1
华远控股, 600743, 0, 证金持股, 0
华银电力, 600744, 0, 超超临界发电, 0
华银电力, 600744, 0, 风电, 0
华银电力, 600744, 0, 光伏概念, 1
华银电力, 600744, 0, 国企改革, 0
华银电力, 600744, 0, 沪股通, 0
华银电力, 600744, 0, 绿色电力, 0
华银电力, 600744, 0, 煤炭概念, 0
华银电力, 600744, 0, 碳交易, 0
华银电力, 600744, 0, 碳中和, 1
华银电力, 600744, 0, 央企国企改革, 0
闻泰科技, 600745, 0, 车联网, 1
闻泰科技, 600745, 0, 第三代半导体, 1
闻泰科技, 600745, 0, 华为概念, 1
闻泰科技, 600745, 0, 集成电路概念, 1
闻泰科技, 600745, 0, 健康中国, 0
闻泰科技, 600745, 0, 苹果概念, 1
闻泰科技, 600745, 0, 汽车芯片, 1
闻泰科技, 600745, 0, 数据中心, 1
闻泰科技, 600745, 0, 同花顺漂亮100, 0
闻泰科技, 600745, 0, 无线耳机, 1
闻泰科技, 600745, 0, 先进封装, 1
闻泰科技, 600745, 0, 消费电子概念, 1
闻泰科技, 600745, 0, 芯片概念, 1
闻泰科技, 600745, 0, 虚拟现实, 1
闻泰科技, 600745, 0, 液冷服务器, 1
闻泰科技, 600745, 0, 智能座舱, 1
闻泰科技, 600745, 0, 5G, 1
江苏索普, 600746, 0, 固废处理, 0
江苏索普, 600746, 0, 国企改革, 0
江苏索普, 600746, 0, 沪股通, 0
江苏索普, 600746, 0, 壳资源, 0
上实发展, 600748, 0, 标普道琼斯A股, 0
上实发展, 600748, 0, 长三角一体化, 0
上实发展, 600748, 0, 国企改革, 0
上实发展, 600748, 0, 沪股通, 0
上实发展, 600748, 0, 上海国企改革, 0
上实发展, 600748, 0, 土地流转, 0
上实发展, 600748, 0, 物业管理, 0
上实发展, 600748, 0, 养老概念, 1
西藏旅游, 600749, 0, 露营经济, 1
西藏旅游, 600749, 0, 文化传媒, 1
江中药业, 600750, 0, 白酒概念, 0
江中药业, 600750, 0, 标普道琼斯A股, 0
江中药业, 600750, 0, 参股银行, 0
江中药业, 600750, 0, 国企改革, 0
江中药业, 600750, 0, 沪股通, 0
江中药业, 600750, 0, 健康中国, 0
江中药业, 600750, 0, 融资融券, 1
江中药业, 600750, 0, 证金持股, 0
海航科技, 600751, 0, 航运概念, 0
海航科技, 600751, 0, 沪股通, 0
海航科技, 600751, 0, 人工智能, 1
海航科技, 600751, 0, 雄安新区, 1
海航科技, 600751, 0, 一带一路, 0
海航科技, 600751, 0, 云计算, 1
*ST海钦, 600753, 0, 换电概念, 1
*ST海钦, 600753, 0, 集成电路概念, 1
*ST海钦, 600753, 0, 煤化工, 0
锦江酒店, 600754, 0, 标普道琼斯A股, 0
锦江酒店, 600754, 0, 国企改革, 0
锦江酒店, 600754, 0, 沪股通, 0
锦江酒店, 600754, 0, MSCI概念, 0
锦江酒店, 600754, 0, 融资融券, 1
锦江酒店, 600754, 0, 上海国企改革, 0
厦门国贸, 600755, 0, 标普道琼斯A股, 0
厦门国贸, 600755, 0, 参股券商, 0
厦门国贸, 600755, 0, 参股银行, 0
厦门国贸, 600755, 0, 福建自贸区, 1
厦门国贸, 600755, 0, 国企改革, 0
厦门国贸, 600755, 0, 海峡两岸, 1
厦门国贸, 600755, 0, 沪股通, 0
厦门国贸, 600755, 0, 期货概念, 0
厦门国贸, 600755, 0, 统一大市场, 0
厦门国贸, 600755, 0, 一带一路, 0
厦门国贸, 600755, 0, 中俄贸易概念, 0
浪潮软件, 600756, 20, 标普道琼斯A股, 0
浪潮软件, 600756, 20, 边缘计算, 1
浪潮软件, 600756, 20, 大数据, 1
浪潮软件, 600756, 20, 工业互联网, 1
浪潮软件, 600756, 20, 国产软件, 1
浪潮软件, 600756, 20, 国资云, 1
浪潮软件, 600756, 20, 数字孪生, 1
浪潮软件, 600756, 20, 信创, 1
浪潮软件, 600756, 20, 智慧政务, 1
长江传媒, 600757, 0, 标普道琼斯A股, 0
长江传媒, 600757, 0, 参股新三板, 1
长江传媒, 600757, 0, 国企改革, 0
长江传媒, 600757, 0, 沪股通, 0
长江传媒, 600757, 0, 托育服务, 0
长江传媒, 600757, 0, 文化传媒, 1
长江传媒, 600757, 0, 在线教育, 1
长江传媒, 600757, 0, 知识产权保护, 1
长江传媒, 600757, 0, 证金持股, 0
辽宁能源, 600758, 0, 风电, 0
辽宁能源, 600758, 0, 国企改革, 0
辽宁能源, 600758, 0, 沪股通, 0
辽宁能源, 600758, 0, 煤炭概念, 0
辽宁能源, 600758, 0, 融资融券, 1
洲际油气, 600759, 0, 参股保险, 0
洲际油气, 600759, 0, 俄乌冲突概念, 0
洲际油气, 600759, 0, 海南自贸区, 0
洲际油气, 600759, 0, ST板块, 0
洲际油气, 600759, 0, 土地流转, 0
洲际油气, 600759, 0, 一带一路, 0
中航沈飞, 600760, 0, 标普道琼斯A股, 0
中航沈飞, 600760, 0, 大飞机, 1
中航沈飞, 600760, 0, 高端装备, 1
中航沈飞, 600760, 0, 军工, 1
中航沈飞, 600760, 0, 沪股通, 0
中航沈飞, 600760, 0, MSCI概念, 0
中航沈飞, 600760, 0, 同花顺漂亮100, 0
中航沈飞, 600760, 0, 同花顺中特估100, 0
中航沈飞, 600760, 0, 无人机, 1
中航沈飞, 600760, 0, 央企国企改革, 0
中航沈飞, 600760, 0, 中字头股票, 0
安徽合力, 600761, 0, 电子商务, 0
安徽合力, 600761, 0, 高端装备, 1
安徽合力, 600761, 0, 沪股通, 0
安徽合力, 600761, 0, 新能源汽车, 1
通策医疗, 600763, 0, 标普道琼斯A股, 0
通策医疗, 600763, 0, 辅助生殖, 0
通策医疗, 600763, 0, 沪股通, 0
通策医疗, 600763, 0, 民营医院, 0
通策医疗, 600763, 0, MSCI概念, 0
通策医疗, 600763, 0, 牙科医疗, 0
通策医疗, 600763, 0, 医美概念, 0
中国海防, 600764, 0, 风电, 0
中国海防, 600764, 0, 军工, 1
中国海防, 600764, 0, 国企改革, 0
中国海防, 600764, 0, 毫米波雷达, 1
中国海防, 600764, 0, 沪股通, 0
中国海防, 600764, 0, 集成电路概念, 1
中国海防, 600764, 0, 天然气, 0
中国海防, 600764, 0, 卫星导航, 1
中国海防, 600764, 0, 雄安新区, 1
中国海防, 600764, 0, 新能源汽车, 1
中国海防, 600764, 0, 芯片概念, 1
中国海防, 600764, 0, 央企国企改革, 0
中国海防, 600764, 0, 智能交通, 1
中国海防, 600764, 0, 中字头股票, 0
中航重机, 600765, 0, 标普道琼斯A股, 0
中航重机, 600765, 0, 成飞概念, 1
中航重机, 600765, 0, 大飞机, 1
中航重机, 600765, 0, 高端装备, 1
中航重机, 600765, 0, 军工, 1
中航重机, 600765, 0, 航空发动机, 1
中航重机, 600765, 0, 国产航母, 1
中航重机, 600765, 0, 军民融合, 1
中航重机, 600765, 0, MSCI概念, 0
中航重机, 600765, 0, 央企国企改革, 0
中航重机, 600765, 0, 中字头股票, 0
宁波富邦, 600768, 20, 共同富裕示范区, 1
综艺股份, 600770, 0, 参股新三板, 1
综艺股份, 600770, 0, 创投, 1
综艺股份, 600770, 0, 电子商务, 0
综艺股份, 600770, 0, 光伏概念, 1
综艺股份, 600770, 0, 沪股通, 0
综艺股份, 600770, 0, 汽车芯片, 1
综艺股份, 600770, 0, 人工智能, 1
综艺股份, 600770, 0, 芯片概念, 1
综艺股份, 600770, 0, 云计算, 1
广誉远, 600771, 0, 阿尔茨海默概念, 0
广誉远, 600771, 0, 白酒概念, 0
广誉远, 600771, 0, 国企改革, 0
广誉远, 600771, 0, 互联网医疗, 1
广誉远, 600771, 0, 沪股通, 0
广誉远, 600771, 0, 健康中国, 0
广誉远, 600771, 0, 融资融券, 1
广誉远, 600771, 0, 新零售, 0
西藏城投, 600773, 0, 锂电池, 1
西藏城投, 600773, 0, 上海国企改革, 0
西藏城投, 600773, 0, 盐湖提锂, 1
汉商集团, 600774, 0, 创新药, 0
汉商集团, 600774, 0, 三胎概念, 0
汉商集团, 600774, 0, 辅助生殖, 0
汉商集团, 600774, 0, 健康中国, 0
汉商集团, 600774, 0, 流感, 0
汉商集团, 600774, 0, 新材料概念, 1
汉商集团, 600774, 0, 新零售, 0
汉商集团, 600774, 0, 医疗器械概念, 0
汉商集团, 600774, 0, 幽门螺杆菌概念, 0
南京熊猫, 600775, 0, 标普道琼斯A股, 0
南京熊猫, 600775, 0, 工业4.0, 1
南京熊猫, 600775, 0, 军工, 1
南京熊猫, 600775, 0, 国企改革, 0
南京熊猫, 600775, 0, 沪股通, 0
南京熊猫, 600775, 0, 机器人概念, 1
南京熊猫, 600775, 0, 融资融券, 1
南京熊猫, 600775, 0, 卫星导航, 1
南京熊猫, 600775, 0, 无人机, 1
南京熊猫, 600775, 0, 新型工业化, 2
南京熊猫, 600775, 0, 央企国企改革, 0
南京熊猫, 600775, 0, 智慧城市, 1
南京熊猫, 600775, 0, 智能交通, 1
东方通信, 600776, 0, 国企改革, 0
东方通信, 600776, 0, 杭州亚运会, 1
东方通信, 600776, 0, 华为概念, 1
东方通信, 600776, 0, 沪股通, 0
东方通信, 600776, 0, 机器人概念, 1
东方通信, 600776, 0, 融资融券, 1
东方通信, 600776, 0, 信创, 1
东方通信, 600776, 0, 央企国企改革, 0
东方通信, 600776, 0, 5G, 1
*ST新潮, 600777, 0, 标普道琼斯A股, 0
*ST新潮, 600777, 0, 俄乌冲突概念, 0
*ST新潮, 600777, 0, 沪股通, 0
*ST新潮, 600777, 0, 融资融券, 1
*ST新潮, 600777, 0, 天然气, 0
友好集团, 600778, 0, 壳资源, 0
友好集团, 600778, 0, 免税店, 1
友好集团, 600778, 0, 新疆振兴, 0
友好集团, 600778, 0, 新零售, 0
友好集团, 600778, 0, 一带一路, 0
水井坊, 600779, 0, 白酒概念, 0
水井坊, 600779, 0, 标普道琼斯A股, 0
水井坊, 600779, 0, 沪股通, 0
水井坊, 600779, 0, MSCI概念, 0
通宝能源, 600780, 0, 国企改革, 0
通宝能源, 600780, 0, 沪股通, 0
通宝能源, 600780, 0, 证金持股, 0
新钢股份, 600782, 0, 标普道琼斯A股, 0
新钢股份, 600782, 0, 分拆上市意愿, 0
新钢股份, 600782, 0, 国企改革, 0
新钢股份, 600782, 0, 沪股通, 0
新钢股份, 600782, 0, 无人机, 1
新钢股份, 600782, 0, 央企国企改革, 0
鲁银投资, 600784, 0, 创投, 1
鲁银投资, 600784, 0, 储能, 1
鲁银投资, 600784, 0, 光伏概念, 1
鲁银投资, 600784, 0, 国企改革, 0
鲁银投资, 600784, 0, 专精特新, 1
新华百货, 600785, 0, 新零售, 0
新华百货, 600785, 0, 智能物流, 2
中储股份, 600787, 0, 标普道琼斯A股, 0
中储股份, 600787, 0, 国企改革, 0
中储股份, 600787, 0, 沪股通, 0
中储股份, 600787, 0, 京津冀一体化, 1
中储股份, 600787, 0, 冷链物流, 0
中储股份, 600787, 0, 统一大市场, 0
中储股份, 600787, 0, 物联网, 1
中储股份, 600787, 0, 央企国企改革, 0
中储股份, 600787, 0, 一带一路, 0
中储股份, 600787, 0, 智能物流, 2
中储股份, 600787, 0, 中俄贸易概念, 0
中储股份, 600787, 0, 中字头股票, 0
常润股份, 603201, 0, 比亚迪概念, 1
常润股份, 603201, 0, 跨境电商, 0
常润股份, 603201, 0, 新能源汽车, 1
常润股份, 603201, 0, 专精特新, 1
快克智能, 603203, 0, 比亚迪概念, 1
快克智能, 603203, 0, 宁德时代概念, 1
快克智能, 603203, 0, 富士康概念, 1
快克智能, 603203, 0, 高端装备, 1
快克智能, 603203, 0, 工业互联网, 1
快克智能, 603203, 0, 机器人概念, 1
快克智能, 603203, 0, 机器视觉, 1
快克智能, 603203, 0, OLED, 1
快克智能, 603203, 0, 苹果概念, 1
快克智能, 603203, 0, 新能源汽车, 1
快克智能, 603203, 0, 智能穿戴, 1
快克智能, 603203, 0, 专精特新, 1
嘉环科技, 603206, 0, 充电桩, 1
嘉环科技, 603206, 0, 工业互联网, 1
嘉环科技, 603206, 0, 国产软件, 1
嘉环科技, 603206, 0, 鸿蒙概念, 1
嘉环科技, 603206, 0, 华为概念, 1
嘉环科技, 603206, 0, 数据中心, 1
嘉环科技, 603206, 0, 数字经济, 1
嘉环科技, 603206, 0, 物联网, 1
嘉环科技, 603206, 0, 新型工业化, 2
嘉环科技, 603206, 0, 智慧城市, 1
嘉环科技, 603206, 0, 智慧灯杆, 1
嘉环科技, 603206, 0, 智慧政务, 1
嘉环科技, 603206, 0, 智能交通, 1
嘉环科技, 603206, 0, 职业教育, 1
嘉环科技, 603206, 0, 5G, 1
江山欧派, 603208, 20, 共同富裕示范区, 1
江山欧派, 603208, 20, 沪股通, 0
兴通股份, 603209, 0, 沪股通, 0
晋拓股份, 603211, 0, 比亚迪概念, 1
晋拓股份, 603211, 0, 长三角一体化, 0
晋拓股份, 603211, 0, 毫米波雷达, 1
晋拓股份, 603211, 0, 机器人概念, 1
晋拓股份, 603211, 0, 特斯拉, 1
晋拓股份, 603211, 0, 新能源汽车, 1
晋拓股份, 603211, 0, 智能家居, 1
晋拓股份, 603211, 0, 专精特新, 1
赛伍技术, 603212, 0, BC电池, 1
赛伍技术, 603212, 0, 比亚迪概念, 1
赛伍技术, 603212, 0, 宁德时代概念, 1
赛伍技术, 603212, 0, 长三角一体化, 0
赛伍技术, 603212, 0, 锂电池, 1
赛伍技术, 603212, 0, 钙钛矿电池, 1
赛伍技术, 603212, 0, 高铁, 1
赛伍技术, 603212, 0, 光伏概念, 1
赛伍技术, 603212, 0, 集成电路概念, 1
赛伍技术, 603212, 0, MiniLED, 1
赛伍技术, 603212, 0, OLED, 1
赛伍技术, 603212, 0, POE胶膜, 0
赛伍技术, 603212, 0, 特斯拉, 1
赛伍技术, 603212, 0, TOPCON电池, 0
赛伍技术, 603212, 0, 无线耳机, 1
赛伍技术, 603212, 0, 消费电子概念, 1
赛伍技术, 603212, 0, 新材料概念, 1
赛伍技术, 603212, 0, 新能源汽车, 1
赛伍技术, 603212, 0, 芯片概念, 1
镇洋发展, 603213, 0, 共同富裕示范区, 1
镇洋发展, 603213, 0, 国企改革, 0
镇洋发展, 603213, 0, 沪股通, 0
镇洋发展, 603213, 0, 消毒剂, 0
爱婴室, 603214, 0, 电子商务, 0
爱婴室, 603214, 0, 三胎概念, 0
爱婴室, 603214, 0, 腾讯概念, 1
爱婴室, 603214, 0, 新零售, 0
比依股份, 603215, 0, 电子商务, 0
比依股份, 603215, 0, 家用电器, 0
梦天家居, 603216, 20, 参股银行, 0
梦天家居, 603216, 20, 电子商务, 0
梦天家居, 603216, 20, 恒大概念, 1
富佳股份, 603219, 0, 储能, 1
富佳股份, 603219, 0, 共同富裕示范区, 1
富佳股份, 603219, 0, 机器人概念, 1
富佳股份, 603219, 0, PCB概念, 1
富佳股份, 603219, 0, 小米概念, 1
富佳股份, 603219, 0, 智能穿戴, 1
富佳股份, 603219, 0, 智能家居, 1
中贝通信, 603220, 0, 标普道琼斯A股, 0
中贝通信, 603220, 0, 储能, 1
中贝通信, 603220, 0, 锂电池, 1
中贝通信, 603220, 0, 东数西算（算力）, 1
中贝通信, 603220, 0, 光伏概念, 1
中贝通信, 603220, 0, 华为概念, 1
中贝通信, 603220, 0, 融资融券, 1
中贝通信, 603220, 0, 一带一路, 0
中贝通信, 603220, 0, 云计算, 1
中贝通信, 603220, 0, 智慧城市, 1
中贝通信, 603220, 0, 5G, 1
济民健康, 603222, 0, 沪股通, 0
济民健康, 603222, 0, 抗原检测, 0
济民健康, 603222, 0, 民营医院, 0
济民健康, 603222, 0, 医美概念, 0
济民健康, 603222, 0, 医疗器械概念, 0
济民健康, 603222, 0, 幽门螺杆菌概念, 0
恒通股份, 603223, 0, 沪股通, 0
恒通股份, 603223, 0, 节能环保, 1
恒通股份, 603223, 0, 天然气, 0
新凤鸣, 603225, 240, 标普道琼斯A股, 0
新凤鸣, 603225, 240, 长三角一体化, 0
新凤鸣, 603225, 240, 沪股通, 0
新凤鸣, 603225, 240, 新材料概念, 1
菲林格尔, 603226, 20, 新零售, 0
雪峰科技, 603227, 0, 国企改革, 0
雪峰科技, 603227, 0, 化肥, 0
雪峰科技, 603227, 0, 沪股通, 0
雪峰科技, 603227, 0, 天然气, 0
雪峰科技, 603227, 0, 新疆振兴, 0
景旺电子, 603228, 0, 标普道琼斯A股, 0
景旺电子, 603228, 0, 共封装光学（CPO）, 1
景旺电子, 603228, 0, 毫米波雷达, 1
景旺电子, 603228, 0, 华为概念, 1
景旺电子, 603228, 0, OLED, 1
景旺电子, 603228, 0, PCB概念, 1
景旺电子, 603228, 0, 汽车电子, 1
景旺电子, 603228, 0, 柔性屏, 1
景旺电子, 603228, 0, 特斯拉, 1
景旺电子, 603228, 0, 卫星导航, 1
景旺电子, 603228, 0, 无人驾驶, 1
景旺电子, 603228, 0, 英伟达概念, 1
景旺电子, 603228, 0, 5G, 1
奥翔药业, 603229, 0, 肝炎概念, 0
奥翔药业, 603229, 0, 沪股通, 0
奥翔药业, 603229, 0, 生物医药, 1
奥翔药业, 603229, 0, 新冠特效药, 0
内蒙新华, 603230, 0, 国企改革, 0
内蒙新华, 603230, 0, 沪股通, 0
内蒙新华, 603230, 0, 文化传媒, 1
格尔软件, 603232, 0, 百度概念, 1
格尔软件, 603232, 0, 车联网, 1
格尔软件, 603232, 0, 大数据, 1
格尔软件, 603232, 0, 国产软件, 1
格尔软件, 603232, 0, 军工, 1
格尔软件, 603232, 0, 区块链, 1
格尔软件, 603232, 0, 信创, 1
格尔软件, 603232, 0, 芯片概念, 1
格尔软件, 603232, 0, 网络安全, 1
大参林, 603233, 0, 标普道琼斯A股, 0
大参林, 603233, 0, 沪股通, 0
大参林, 603233, 0, MSCI概念, 0
大参林, 603233, 0, 融资融券, 1
大参林, 603233, 0, 医药电商, 0
移远通信, 603236, 0, 边缘计算, 1
移远通信, 603236, 0, 车联网, 1
移远通信, 603236, 0, 储能, 1
移远通信, 603236, 0, 电子商务, 0
移远通信, 603236, 0, 电力物联网, 1
移远通信, 603236, 0, 沪股通, 0
移远通信, 603236, 0, 机器人概念, 1
移远通信, 603236, 0, 机器视觉, 1
移远通信, 603236, 0, 汽车电子, 1
移远通信, 603236, 0, 物联网, 1
移远通信, 603236, 0, 无人驾驶, 1
移远通信, 603236, 0, 星闪概念, 1
移远通信, 603236, 0, 智慧城市, 1
移远通信, 603236, 0, 智能电网, 1
移远通信, 603236, 0, 智能座舱, 1
移远通信, 603236, 0, 5G, 1
移远通信, 603236, 0, 6G概念, 1
五芳斋, 603237, 0, 电子商务, 0
五芳斋, 603237, 0, 新零售, 0
五芳斋, 603237, 0, 预制菜, 0
诺邦股份, 603238, 0, 电子商务, 0
诺邦股份, 603238, 0, 三胎概念, 0
诺邦股份, 603238, 0, 三季报预增, 1
鼎际得, 603255, 0, 沪股通, 0
鼎际得, 603255, 0, 新材料概念, 1
宏和科技, 603256, 0, 华为概念, 1
宏和科技, 603256, 0, 苹果概念, 1
宏和科技, 603256, 0, 消费电子概念, 1
宏和科技, 603256, 0, 智能制造, 1
宏和科技, 603256, 0, 专精特新, 1
宏和科技, 603256, 0, 5G, 1
电魂网络, 603258, 0, 创投, 1
电魂网络, 603258, 0, 电子竞技, 1
电魂网络, 603258, 0, 杭州亚运会, 1
电魂网络, 603258, 0, 网络游戏, 1
电魂网络, 603258, 0, 虚拟现实, 1
药明康德, 603259, 0, 标普道琼斯A股, 0
药明康德, 603259, 0, 创新药, 0
药明康德, 603259, 0, 沪股通, 0
药明康德, 603259, 0, 基因测序, 0
药明康德, 603259, 0, MSCI概念, 0
药明康德, 603259, 0, 同花顺漂亮100, 0
合盛硅业, 603260, 0, 标普道琼斯A股, 0
合盛硅业, 603260, 0, 长三角一体化, 0
合盛硅业, 603260, 0, 硅能源, 1
合盛硅业, 603260, 0, MSCI概念, 0
合盛硅业, 603260, 0, 新材料概念, 1
合盛硅业, 603260, 0, 有机硅概念, 1
*ST立航, 603261, 0, 高端装备, 1
*ST立航, 603261, 0, 军工, 1
*ST立航, 603261, 0, 军民融合, 1
*ST立航, 603261, 0, 无人机, 1
*ST立航, 603261, 0, 智能制造, 1
天龙股份, 603266, 0, 新能源汽车, 1
鸿远电子, 603267, 0, 军工, 1
鸿远电子, 603267, 0, MSCI概念, 0
鸿远电子, 603267, 0, 汽车电子, 1
鸿远电子, 603267, 0, 专精特新, 1
*ST松发, 603268, 20, 储能, 1
*ST松发, 603268, 20, 在线教育, 1
金帝股份, 603270, 0, 风电, 0
金帝股份, 603270, 0, 新股与次新股, 1
金帝股份, 603270, 0, 新能源汽车, 1
金帝股份, 603270, 0, 专精特新, 1
金帝股份, 603270, 0, 注册制次新股, 1
凯尔达, 688255, 0, 比亚迪概念, 1
凯尔达, 688255, 0, 机器人概念, 1
寒武纪-U, 688256, 0, 阿里巴巴概念, 1
寒武纪-U, 688256, 0, 边缘计算, 1
寒武纪-U, 688256, 0, 东数西算（算力）, 1
寒武纪-U, 688256, 0, 国产操作系统, 1
寒武纪-U, 688256, 0, MSCI概念, 0
寒武纪-U, 688256, 0, 人工智能, 1
寒武纪-U, 688256, 0, 先进封装, 1
寒武纪-U, 688256, 0, 芯片概念, 1
新锐股份, 688257, 0, 专精特新, 1
卓易信息, 688258, 0, 国产软件, 1
卓易信息, 688258, 0, 华为概念, 1
卓易信息, 688258, 0, 华为鲲鹏, 1
卓易信息, 688258, 0, 华为欧拉, 1
卓易信息, 688258, 0, 物联网, 1
卓易信息, 688258, 0, 云计算, 1
创耀科技, 688259, 0, 电力物联网, 1
创耀科技, 688259, 0, 星闪概念, 1
创耀科技, 688259, 0, 芯片概念, 1
创耀科技, 688259, 0, 智能电网, 1
昀冢科技, 688260, 20, 华为概念, 1
昀冢科技, 688260, 20, 汽车电子, 1
昀冢科技, 688260, 20, 消费电子概念, 1
东微半导, 688261, 0, 比亚迪概念, 1
东微半导, 688261, 0, 充电桩, 1
东微半导, 688261, 0, 储能, 1
东微半导, 688261, 0, 华为概念, 1
国芯科技, 688262, 0, 边缘计算, 1
国芯科技, 688262, 0, 比亚迪概念, 1
国芯科技, 688262, 0, 存储芯片, 1
国芯科技, 688262, 0, 国家大基金持股, 0
国芯科技, 688262, 0, 电子身份证, 1
国芯科技, 688262, 0, 东数西算（算力）, 1
国芯科技, 688262, 0, 量子科技, 1
国芯科技, 688262, 0, 汽车电子, 1
国芯科技, 688262, 0, 汽车芯片, 1
国芯科技, 688262, 0, 数字货币, 1
国芯科技, 688262, 0, MCU芯片, 1
国芯科技, 688262, 0, 先进封装, 1
国芯科技, 688262, 0, 信创, 1
国芯科技, 688262, 0, 星闪概念, 1
国芯科技, 688262, 0, 芯片概念, 1
泽璟制药-U, 688266, 0, 创新药, 0
泽璟制药-U, 688266, 0, 沪股通, 0
中触媒, 688267, 0, 环氧丙烷, 0
中触媒, 688267, 0, 沪股通, 0
中触媒, 688267, 0, 新材料概念, 1
华特气体, 688268, 20, 俄乌冲突概念, 0
华特气体, 688268, 20, 沪股通, 0
华特气体, 688268, 20, 集成电路概念, 1
华特气体, 688268, 20, 氢能源, 0
华特气体, 688268, 20, 专精特新, 1
凯立新材, 688269, 20, 金属回收, 1
凯立新材, 688269, 20, 专精特新, 1
臻镭科技, 688270, 0, 军工, 1
臻镭科技, 688270, 0, 集成电路概念, 1
臻镭科技, 688270, 0, 军民融合, 1
臻镭科技, 688270, 0, 卫星导航, 1
臻镭科技, 688270, 0, 无人机, 1
臻镭科技, 688270, 0, 芯片概念, 1
联影医疗, 688271, 0, 沪股通, 0
联影医疗, 688271, 0, 融资融券, 1
联影医疗, 688271, 0, 医疗器械概念, 0
联影医疗, 688271, 0, 智能医疗, 1
富吉瑞, 688272, 0, 军工, 1
富吉瑞, 688272, 0, ST板块, 0
麦澜德, 688273, 0, 三胎概念, 0
麦澜德, 688273, 0, 辅助生殖, 0
麦澜德, 688273, 0, 抗原检测, 0
麦澜德, 688273, 0, 融资融券, 1
麦澜德, 688273, 0, 专精特新, 1
百克生物, 688276, 0, 国企改革, 0
百克生物, 688276, 0, 沪股通, 0
百克生物, 688276, 0, 生物疫苗, 0
天智航-U, 688277, 0, 沪股通, 0
天智航-U, 688277, 0, 机器人概念, 1
天智航-U, 688277, 0, 医疗器械概念, 0
天智航-U, 688277, 0, 专精特新, 1
特宝生物, 688278, 0, 创新药, 0
特宝生物, 688278, 0, 肝炎概念, 0
特宝生物, 688278, 0, 沪股通, 0
特宝生物, 688278, 0, 生物医药, 1
特宝生物, 688278, 0, 三季报预增, 1
峰岹科技, 688279, 0, 新能源汽车, 1
峰岹科技, 688279, 0, 芯片概念, 1
精进电动-UW, 688280, 0, 比亚迪概念, 1
精进电动-UW, 688280, 0, 减速器, 2
精进电动-UW, 688280, 0, 无人驾驶, 1
精进电动-UW, 688280, 0, 新能源汽车, 1
精进电动-UW, 688280, 0, 专精特新, 1
华秦科技, 688281, 120, 军工, 1
华秦科技, 688281, 120, 新材料概念, 1
理工导航, 688282, 60, 军工, 1
理工导航, 688282, 60, 卫星导航, 1
理工导航, 688282, 60, 无人驾驶, 1
坤恒顺维, 688283, 0, 军工, 1
坤恒顺维, 688283, 0, 专精特新, 1
坤恒顺维, 688283, 0, 5G, 1
高铁电气, 688285, 0, 高铁, 1
高铁电气, 688285, 0, 国企改革, 0
高铁电气, 688285, 0, 新能源汽车, 1
高铁电气, 688285, 0, 央企国企改革, 0
高铁电气, 688285, 0, 一带一路, 0
敏芯股份, 688286, 0, 传感器, 1
敏芯股份, 688286, 0, 集成电路概念, 1
敏芯股份, 688286, 0, 无线耳机, 1
敏芯股份, 688286, 0, 消费电子概念, 1
敏芯股份, 688286, 0, 芯片概念, 1
敏芯股份, 688286, 0, 新型烟草, 1
敏芯股份, 688286, 0, 中芯国际概念, 1
敏芯股份, 688286, 0, 专精特新, 1
*ST观典, 688287, 0, 大数据, 1
*ST观典, 688287, 0, 军工, 1
*ST观典, 688287, 0, 人工智能, 1
*ST观典, 688287, 0, 无人机, 1
鸿泉物联, 688288, 0, 车联网, 1
鸿泉物联, 688288, 0, EDR概念, 1
鸿泉物联, 688288, 0, 人工智能, 1
鸿泉物联, 688288, 0, 数据要素, 1
鸿泉物联, 688288, 0, 胎压监测, 1
鸿泉物联, 688288, 0, 星闪概念, 1
鸿泉物联, 688288, 0, 智慧城市, 1
圣湘生物, 688289, 20, 肝炎概念, 0
圣湘生物, 688289, 20, 猴痘概念, 0
圣湘生物, 688289, 20, 沪股通, 0
圣湘生物, 688289, 20, 抗原检测, 0
圣湘生物, 688289, 20, 流感, 0
圣湘生物, 688289, 20, 融资融券, 1
圣湘生物, 688289, 20, 生物医药, 1
圣湘生物, 688289, 20, 专精特新, 1
景业智能, 688290, 0, 军工, 1
景业智能, 688290, 0, 核电, 0
景业智能, 688290, 0, 机器人概念, 1
景业智能, 688290, 0, 专精特新, 1
金橙子, 688291, 0, 工业4.0, 1
金橙子, 688291, 0, 工业互联网, 1
金橙子, 688291, 0, 机器视觉, 1
金橙子, 688291, 0, 专精特新, 1
金橙子, 688291, 0, 3D打印, 1
浩瀚深度, 688292, 0, 华为鲲鹏, 1
浩瀚深度, 688292, 0, 数据要素, 1
浩瀚深度, 688292, 0, 网络安全, 1
浩瀚深度, 688292, 0, 5G, 1
奥浦迈, 688293, 0, 重组蛋白, 1
奥浦迈, 688293, 0, 沪股通, 0
中复神鹰, 688295, 0, 氢能源, 0
中复神鹰, 688295, 0, 碳纤维, 1
中复神鹰, 688295, 0, 央企国企改革, 0
中复神鹰, 688295, 0, 中字头股票, 0
中复神鹰, 688295, 0, 专精特新, 1
和达科技, 688296, 0, 地下管网, 1
和达科技, 688296, 0, 人工智能, 1
和达科技, 688296, 0, 物联网, 1
和达科技, 688296, 0, 污水处理, 0
和达科技, 688296, 0, 专精特新, 1
中无人机, 688297, 0, 军工, 1
中无人机, 688297, 0, 国企改革, 0
中无人机, 688297, 0, 沪股通, 0
中无人机, 688297, 0, 无人机, 1
中无人机, 688297, 0, 央企国企改革, 0
中无人机, 688297, 0, 中字头股票, 0
东方生物, 688298, 0, 肝炎概念, 0
东方生物, 688298, 0, 猴痘概念, 0
东方生物, 688298, 0, 抗原检测, 0
东方生物, 688298, 0, 流感, 0
东方生物, 688298, 0, 医疗器械概念, 0
长阳科技, 688299, 0, 华为概念, 1
长阳科技, 688299, 0, MiniLED, 1
长阳科技, 688299, 0, 新材料概念, 1
长阳科技, 688299, 0, 专精特新, 1
联瑞新材, 688300, 0, 先进封装, 1
联瑞新材, 688300, 0, 专精特新, 1
奕瑞科技, 688301, 20, 沪股通, 0
奕瑞科技, 688301, 20, 牙科医疗, 0
奕瑞科技, 688301, 20, 医疗器械概念, 0
奕瑞科技, 688301, 20, 专精特新, 1
海创药业-U, 688302, 20, 创新药, 0
海创药业-U, 688302, 20, 沪股通, 0
海创药业-U, 688302, 20, 融资融券, 1
海创药业-U, 688302, 20, 生物医药, 1
大全能源, 688303, 0, 光伏概念, 1
大全能源, 688303, 0, 硅能源, 1
科德数控, 688305, 0, 大飞机, 1
科德数控, 688305, 0, 高端装备, 1
科德数控, 688305, 0, 工业母机, 2
科德数控, 688305, 0, 军工, 1
科德数控, 688305, 0, 机器人概念, 1
科德数控, 688305, 0, 新型工业化, 2
科德数控, 688305, 0, 三季报预增, 1
科德数控, 688305, 0, 专精特新, 1
均普智能, 688306, 0, 共同富裕示范区, 1
均普智能, 688306, 0, 工业4.0, 1
均普智能, 688306, 0, 华为汽车, 1
均普智能, 688306, 0, 机器人概念, 1
均普智能, 688306, 0, 汽车电子, 1
均普智能, 688306, 0, 汽车热管理, 1
均普智能, 688306, 0, 无人驾驶, 1
均普智能, 688306, 0, 新能源汽车, 1
均普智能, 688306, 0, 新型工业化, 2
均普智能, 688306, 0, 医疗器械概念, 0
均普智能, 688306, 0, 智能制造, 1
欧科亿, 688308, 0, 工业母机, 2
欧科亿, 688308, 0, 专精特新, 1
恒誉环保, 688309, 0, 固废处理, 0
恒誉环保, 688309, 0, 节能环保, 1
恒誉环保, 688309, 0, 摘帽, 1
迈得医疗, 688310, 0, 机器人概念, 1
迈得医疗, 688310, 0, 融资融券, 1
迈得医疗, 688310, 0, 医疗器械概念, 0
迈得医疗, 688310, 0, 专精特新, 1
